Y1_OE	Y1-3	R1709-1																
VX_SRS2_SE_GPIO_9	U10-AY30	J23-A22	D53-2															
VX_SRS2_SE_GPIO_8	U10-AW30	J23-A21	D53-1															
VX_SRS2_SE_GPIO_7	U10-AY28	J23-A19	D52-5															
VX_SRS2_SE_GPIO_6	U10-AY27	J23-A18	D52-4															
VX_SRS2_SE_GPIO_5	U10-AW29	J23-A16	D52-2															
VX_SRS2_SE_GPIO_4	U10-AW28	J23-A15	D52-1															
VX_SRS2_SE_GPIO_3	U10-BA28	J23-A13	D51-5															
VX_SRS1_SE_GPIO_9	U10-D33	J19-A22	D47-2															
VX_SRS1_SE_GPIO_8	U10-J30	J19-A21	D47-1															
VX_SRS1_SE_GPIO_7	U10-E32	J19-A19	D46-5															
VX_SRS1_SE_GPIO_6	U10-F32	J19-A18	D46-4															
VX_SRS1_SE_GPIO_5	U10-F34	J19-A16	D46-2															
VX_SRS1_SE_GPIO_4	U10-F33	J19-A15	D46-1															
VX_SRS1_SE_GPIO_3	U10-F30	J19-A13	D45-5															
VX_SRS0_SE_GPIO_9	U10-BA35	J15-A22	D50-2															
VX_SRS0_SE_GPIO_8	U10-BA34	J15-A21	D50-1															
VX_SRS0_SE_GPIO_7	U10-BA33	J15-A19	D49-5															
VX_SRS0_SE_GPIO_6	U10-BA32	J15-A18	D49-4															
VX_SRS0_SE_GPIO_5	U10-AY33	J15-A16	D49-2															
VX_SRS0_SE_GPIO_4	U10-AY32	J15-A15	D49-1															
VX_SRS0_SE_GPIO_3	U10-BB32	J15-A13	D48-5															
VCC_CORE_RUN	U76-9	U74-1	R270-1															
U150_RST_N	U79-18	R277-1																
TXLO_SPI_SDO_P	U837-10	J26-1																
TXLO_SPI_SDO_N	U837-11	J26-2																
TXLO_SPI_SDO	U68-19	R510-1	J11-D12															
TXLO_SPI_SCLK_P	U837-6	J26-7																
TXLO_SPI_SCLK_N	U837-5	J26-8																
TXLO_SPI_SCLK	U68-20	R506-1	J11-B16															
TXLO_SPI_CS_N_P	U837-14	J26-4																
TXLO_SPI_CS_N_N	U837-13	J26-5																
TXLO_SPI_CS_N	U68-18	R507-1	J11-D13															
TXLO_SER_EN_N	U68-15	U10-C37																
TXLO_REF_CLK_P	J28-18	J26-18																
TXLO_REF_CLK_N	J28-19	J26-19																
TXLO_MBUS_TX_P3V3	U60-4	R197-2																
TXLO_MBUS_TX	U68-16	R511-1	J11-D24															
TXLO_MBUS_RX_P3V3	U80-20	R193-1																
TXLO_MBUS_RX	R302-2	J11-D25																
TXLO_MBUS_P	U60-6	R188-1	J26-15															
TXLO_MBUS_N	U60-7	R188-2	J26-16															
TXLO_MBUS_EN_P3V3	U60-3	U60-2	R198-2	R189-1														
TXLO_MBUS_EN	U68-17	R508-2	J11-D19															
TXLO_DISC_P	U837-2	J26-12																
TXLO_DISC_N	U837-3	J26-13																
TXLO_DISC	U68-21	R509-1	J11-D18															
TR9_SE_SPARE0	U10-B16	J1-A6	D24-4															
TR9_EXT_SYNC_P3V3	U58-4	U58-1	R232-2															
TR9_EXT_SYNC_P1V8	U10-P15	R268-1																
TR9_EXT_SYNC_P	U58-6	R186-2	J1-C4															
TR9_EXT_SYNC_N	U58-7	R186-1	J1-C5															
TR9_DAC_IF	R1651-2	J43-2																
TR9_ADC_IF	J43-1	C1525-1																
TR8_SE_SPARE0	U10-C16	J1-A8	D24-5															
TR8_EXT_SYNC_P3V3	U55-4	U55-1	R233-2															
TR8_EXT_SYNC_P1V8	U10-R16	R269-1																
TR8_EXT_SYNC_P	U55-6	R182-2	J1-C1															
TR8_EXT_SYNC_N	U55-7	R182-1	J1-C2															
TR8_DAC_IF	R1693-2	J43-4																
TR8_ADC_IF	J43-3	C1544-1																
TR7_SE_SPARE0	U10-H16	J0-A10	D35-1															
TR7_EXT_SYNC_P3V3	U120-4	U120-1	R461-2															
TR7_EXT_SYNC_P1V8	U10-E15	R463-1																
TR7_EXT_SYNC_P	U120-6	R436-2	J0-B2															
TR7_EXT_SYNC_N	U120-7	R436-1	J0-B1															
TR7_DAC_IF	R1511-2	J41-6																
TR7_ADC_IF	J41-5	C1334-1																
TR63_SE_SPARE0	U10-BF7	J7-A10	D33-1															
TR63_EXT_SYNC_P3V3	U130-4	U130-1	R423-2															
TR63_EXT_SYNC_P1V8	U10-BA9	R390-1																
TR63_EXT_SYNC_P	U130-6	R475-2	J7-B2															
TR63_EXT_SYNC_N	U130-7	R475-1	J7-B1															
TR63_DAC_IF	R1480-2	J55-6																
TR63_ADC_IF	J55-5	C1556-1																
TR62_SE_SPARE0	U10-BE7	J7-A12	D33-2															
TR62_EXT_SYNC_P3V3	U123-4	U123-1	R422-2															
TR62_EXT_SYNC_P1V8	U10-BA10	R389-1																
TR62_EXT_SYNC_P	U123-6	R445-2	J7-B4															
TR62_EXT_SYNC_N	U123-7	R445-1	J7-B5															
TR62_DAC_IF	R1592-2	J55-8																
TR62_ADC_IF	J55-7	C1620-1																
TR61_SE_SPARE0	U10-BE10	J7-A14	D33-4															
TR61_EXT_SYNC_P3V3	U112-4	U112-1	R421-2															
TR61_EXT_SYNC_P1V8	U10-BD8	R388-1																
TR61_EXT_SYNC_P	U112-6	R412-2	J7-B7															
TR61_EXT_SYNC_N	U112-7	R412-1	J7-B8															
TR61_DAC_IF	R1478-2	J54-2																
TR61_ADC_IF	J54-1	C1554-1																
TR60_SE_SPARE0	U10-BD10	J7-A16	D33-5															
TR60_EXT_SYNC_P3V3	U102-4	U102-1	R420-2															
TR60_EXT_SYNC_P1V8	U10-BD9	R387-1																
TR60_EXT_SYNC_P	U102-6	R391-2	J7-B11															
TR60_EXT_SYNC_N	U102-7	R391-1	J7-B10															
TR60_DAC_IF	R1476-2	J54-4																
TR60_ADC_IF	J54-3	C1618-1																
TR6_SE_SPARE0	U10-J16	J0-A12	D35-2															
TR6_EXT_SYNC_P3V3	U118-4	U118-1	R460-2															
TR6_EXT_SYNC_P1V8	U10-E16	R462-1																
TR6_EXT_SYNC_P	U118-6	R424-2	J0-B4															
TR6_EXT_SYNC_N	U118-7	R424-1	J0-B5															
TR6_DAC_IF	R1503-2	J41-8																
TR6_ADC_IF	J41-7	C1339-1																
TR59_SE_SPARE0	U10-AR13	J7-A2	D40-1															
TR59_EXT_SYNC_P3V3	U105-4	U105-1	R419-2															
TR59_EXT_SYNC_P1V8	U10-BD7	R386-1																
TR59_EXT_SYNC_P	U105-6	R396-2	J7-C10															
TR59_EXT_SYNC_N	U105-7	R396-1	J7-C11															
TR59_DAC_IF	R1590-2	J54-6																
TR59_ADC_IF	J54-5	C1552-1																
TR58_SE_SPARE0	U10-AP13	J7-A4	D40-2															
TR58_EXT_SYNC_P3V3	U117-4	U117-1	R418-2															
TR58_EXT_SYNC_P1V8	U10-BC7	R385-1																
TR58_EXT_SYNC_P	U117-6	R414-2	J7-C7															
TR58_EXT_SYNC_N	U117-7	R414-1	J7-C8															
TR58_DAC_IF	R1474-2	J54-8																
TR58_ADC_IF	J54-7	C1616-1																
TR57_SE_SPARE0	U10-AN13	J7-A6	D40-4															
TR57_EXT_SYNC_P3V3	U127-4	U127-1	R417-2															
TR57_EXT_SYNC_P1V8	U10-BF9	R384-1																
TR57_EXT_SYNC_P	U127-6	R456-2	J7-C4															
TR57_EXT_SYNC_N	U127-7	R456-1	J7-C5															
TR57_DAC_IF	R1588-2	J55-2																
TR57_ADC_IF	J55-1	C1550-1																
TR56_SE_SPARE0	U10-AM13	J7-A8	D40-5															
TR56_EXT_SYNC_P3V3	U131-4	U131-1	R416-2															
TR56_EXT_SYNC_P1V8	U10-BF10	R383-1																
TR56_EXT_SYNC_P	U131-6	R481-2	J7-C1															
TR56_EXT_SYNC_N	U131-7	R481-1	J7-C2															
TR56_DAC_IF	R1586-2	J55-4																
TR56_ADC_IF	J55-3	C1614-1																
TR55_SE_SPARE0	U10-AY12	J6-A10	D30-1															
TR55_EXT_SYNC_P3V3	U103-4	U103-1	R458-2															
TR55_EXT_SYNC_P1V8	U10-AV13	R457-1																
TR55_EXT_SYNC_P	U103-6	R401-2	J6-B2															
TR55_EXT_SYNC_N	U103-7	R401-1	J6-B1															
TR55_DAC_IF	R1360-2	J53-6																
TR55_ADC_IF	J53-5	C1285-1																
TR54_SE_SPARE0	U10-AY13	J6-A12	D30-2															
TR54_EXT_SYNC_P3V3	U100-4	U100-1	R471-2															
TR54_EXT_SYNC_P1V8	U10-AU13	R469-1																
TR54_EXT_SYNC_P	U100-6	R380-2	J6-B4															
TR54_EXT_SYNC_N	U100-7	R380-1	J6-B5															
TR54_DAC_IF	R1273-2	J53-8																
TR54_ADC_IF	J53-7	C1399-1																
TR53_SE_SPARE0	U10-BB12	J6-A14	D30-4															
TR53_EXT_SYNC_P3V3	U98-4	U98-1	R472-2															
TR53_EXT_SYNC_P1V8	U10-AY15	R470-1																
TR53_EXT_SYNC_P	U98-6	R378-2	J6-B7															
TR53_EXT_SYNC_N	U98-7	R378-1	J6-B8															
TR53_DAC_IF	R1358-2	J52-2																
TR53_ADC_IF	J52-1	C1283-1																
TR52_SE_SPARE0	U10-BA12	J6-A16	D30-5															
TR52_EXT_SYNC_P3V3	U96-4	U96-1	R478-2															
TR52_EXT_SYNC_P1V8	U10-AW15	R476-1																
TR52_EXT_SYNC_P	U96-6	R376-2	J6-B11															
TR52_EXT_SYNC_N	U96-7	R376-1	J6-B10															
TR52_DAC_IF	R1271-2	J52-4																
TR52_ADC_IF	J52-3	C1397-1																
TR51_SE_SPARE0	U10-BA13	J6-A2	D31-1															
TR51_EXT_SYNC_P3V3	U95-4	U95-1	R479-2															
TR51_EXT_SYNC_P1V8	U10-AV14	R477-1																
TR51_EXT_SYNC_P	U95-6	R375-2	J6-C10															
TR51_EXT_SYNC_N	U95-7	R375-1	J6-C11															
TR51_DAC_IF	R1356-2	J52-6																
TR51_ADC_IF	J52-5	C1281-1																
TR50_SE_SPARE0	U10-BA14	J6-A4	D31-2															
TR50_EXT_SYNC_P3V3	U97-4	U97-1	R485-2															
TR50_EXT_SYNC_P1V8	U10-AU14	R483-1																
TR50_EXT_SYNC_P	U97-6	R377-2	J6-C7															
TR50_EXT_SYNC_N	U97-7	R377-1	J6-C8															
TR50_DAC_IF	R1269-2	J52-8																
TR50_ADC_IF	J52-7	C1395-1																
TR5_SE_SPARE0	U10-J13	J0-A14	D35-4															
TR5_EXT_SYNC_P3V3	U111-4	U111-1	R448-2															
TR5_EXT_SYNC_P1V8	U10-G13	R450-1																
TR5_EXT_SYNC_P	U111-6	R410-2	J0-B7															
TR5_EXT_SYNC_N	U111-7	R410-1	J0-B8															
TR5_DAC_IF	R1568-2	J40-2																
TR5_ADC_IF	J40-1	C1405-1																
TR49_SE_SPARE0	U10-BB10	J6-A6	D31-4															
TR49_EXT_SYNC_P3V3	U99-4	U99-1	R486-2															
TR49_EXT_SYNC_P1V8	U10-BA11	R484-1																
TR49_EXT_SYNC_P	U99-6	R379-2	J6-C4															
TR49_EXT_SYNC_N	U99-7	R379-1	J6-C5															
TR49_DAC_IF	R1354-2	J53-2																
TR49_ADC_IF	J53-1	C1279-1																
TR48_SE_SPARE0	U10-BB11	J6-A8	D31-5															
TR48_EXT_SYNC_P3V3	U101-4	U101-1	R490-2															
TR48_EXT_SYNC_P1V8	U10-AY11	R489-1																
TR48_EXT_SYNC_P	U101-6	R394-2	J6-C1															
TR48_EXT_SYNC_N	U101-7	R394-1	J6-C2															
TR48_DAC_IF	R1267-2	J53-4																
TR48_ADC_IF	J53-3	C1393-1																
TR47_SE_SPARE0	U10-BF41	J5-A10	D22-1															
TR47_EXT_SYNC_P3V3	U65-4	U65-1	R214-2															
TR47_EXT_SYNC_P1V8	U10-BC38	R244-1																
TR47_EXT_SYNC_P	U65-6	R203-2	J5-B2															
TR47_EXT_SYNC_N	U65-7	R203-1	J5-B1															
TR47_DAC_IF	R988-2	J51-6																
TR47_ADC_IF	J51-5	C1132-1																
TR46_SE_SPARE0	U10-BE40	J5-A12	D22-2															
TR46_EXT_SYNC_P3V3	U63-4	U63-1	R215-2															
TR46_EXT_SYNC_P1V8	U10-BC37	R245-1																
TR46_EXT_SYNC_P	U63-6	R194-2	J5-B4															
TR46_EXT_SYNC_N	U63-7	R194-1	J5-B5															
TR46_DAC_IF	R980-2	J51-8																
TR46_ADC_IF	J51-7	C1127-1																
TR45_SE_SPARE0	U10-BF37	J5-A14	D22-4															
TR45_EXT_SYNC_P3V3	U56-4	U56-1	R216-2															
TR45_EXT_SYNC_P1V8	U10-BD40	R246-1																
TR45_EXT_SYNC_P	U56-6	R190-2	J5-B7															
TR45_EXT_SYNC_N	U56-7	R190-1	J5-B8															
TR45_DAC_IF	R933-2	J50-2																
TR45_ADC_IF	J50-1	C1082-1																
TR44_SE_SPARE0	U10-BE37	J5-A16	D22-5															
TR44_EXT_SYNC_P3V3	U54-4	U54-1	R217-2															
TR44_EXT_SYNC_P1V8	U10-BD39	R247-1																
TR44_EXT_SYNC_P	U54-6	R184-2	J5-B11															
TR44_EXT_SYNC_N	U54-7	R184-1	J5-B10															
TR44_DAC_IF	R859-2	J50-4																
TR44_ADC_IF	J50-3	C1079-1																
TR43_SE_SPARE0	U10-AN36	J5-A2	D23-1															
TR43_EXT_SYNC_P3V3	U49-4	U49-1	R218-2															
TR43_EXT_SYNC_P1V8	U10-BF43	R248-1																
TR43_EXT_SYNC_P	U49-6	R179-2	J5-C10															
TR43_EXT_SYNC_N	U49-7	R179-1	J5-C11															
TR43_DAC_IF	R927-2	J50-6																
TR43_ADC_IF	J50-5	C1029-1																
TR42_SE_SPARE0	U10-AN35	J5-A4	D23-2															
TR42_EXT_SYNC_P3V3	U51-4	U51-1	R219-2															
TR42_EXT_SYNC_P1V8	U10-BF42	R249-1																
TR42_EXT_SYNC_P	U51-6	R181-2	J5-C7															
TR42_EXT_SYNC_N	U51-7	R181-1	J5-C8															
TR42_DAC_IF	R823-2	J50-8																
TR42_ADC_IF	J50-7	C1027-1																
TR41_SE_SPARE0	U10-AR36	J5-A6	D23-4															
TR41_EXT_SYNC_P3V3	U57-4	U57-1	R220-2															
TR41_EXT_SYNC_P1V8	U10-BF38	R250-1																
TR41_EXT_SYNC_P	U57-6	R185-2	J5-C4															
TR41_EXT_SYNC_N	U57-7	R185-1	J5-C5															
TR41_DAC_IF	R856-2	J51-2																
TR41_ADC_IF	J51-1	C989-1																
TR40_SE_SPARE0	U10-AP36	J5-A8	D23-5															
TR40_EXT_SYNC_P3V3	U61-4	U61-1	R221-2															
TR40_EXT_SYNC_P1V8	U10-BE38	R251-1																
TR40_EXT_SYNC_P	U61-6	R191-2	J5-C1															
TR40_EXT_SYNC_N	U61-7	R191-1	J5-C2															
TR40_DAC_IF	R816-2	J51-4																
TR40_ADC_IF	J51-3	C966-1																
TR4_SE_SPARE0	U10-J14	J0-A16	D35-5															
TR4_EXT_SYNC_P3V3	U106-4	U106-1	R447-2															
TR4_EXT_SYNC_P1V8	U10-G14	R449-1																
TR4_EXT_SYNC_P	U106-6	R402-2	J0-B11															
TR4_EXT_SYNC_N	U106-7	R402-1	J0-B10															
TR4_DAC_IF	R1562-2	J40-4																
TR4_ADC_IF	J40-3	C1408-1																
TR39_SE_SPARE0	U10-AY38	J4-A10	D9-1															
TR39_EXT_SYNC_P3V3	U8-4	U8-1	R17-2															
TR39_EXT_SYNC_P1V8	U10-AW38	R16-1																
TR39_EXT_SYNC_P	U8-6	R25-2	J4-B2															
TR39_EXT_SYNC_N	U8-7	R25-1	J4-B1															
TR39_DAC_IF	R996-2	J49-6																
TR39_ADC_IF	J49-5	C1143-1																
TR38_SE_SPARE0	U10-AY37	J4-A12	D9-2															
TR38_EXT_SYNC_P3V3	U139-4	U139-1	R22-2															
TR38_EXT_SYNC_P1V8	U10-AV38	R20-1																
TR38_EXT_SYNC_P	U139-6	R40-2	J4-B4															
TR38_EXT_SYNC_N	U139-7	R40-1	J4-B5															
TR38_DAC_IF	R1004-2	J49-8																
TR38_ADC_IF	J49-7	C1137-1																
TR37_SE_SPARE0	U10-AY36	J4-A14	D9-4															
TR37_EXT_SYNC_P3V3	U15-4	U15-1	R23-2															
TR37_EXT_SYNC_P1V8	U10-AU35	R21-1																
TR37_EXT_SYNC_P	U15-6	R44-2	J4-B7															
TR37_EXT_SYNC_N	U15-7	R44-1	J4-B8															
TR37_DAC_IF	R939-2	J48-2																
TR37_ADC_IF	J48-1	C1089-1																
TR36_SE_SPARE0	U10-AY35	J4-A16	D9-5															
TR36_EXT_SYNC_P3V3	U16-4	U16-1	R30-2															
TR36_EXT_SYNC_P1V8	U10-AU34	R28-1																
TR36_EXT_SYNC_P	U16-6	R45-2	J4-B11															
TR36_EXT_SYNC_N	U16-7	R45-1	J4-B10															
TR36_DAC_IF	R945-2	J48-4																
TR36_ADC_IF	J48-3	C1086-1																
TR35_SE_SPARE0	U10-BA38	J4-A2	D3-1															
TR35_EXT_SYNC_P3V3	U13-4	U13-1	R31-2															
TR35_EXT_SYNC_P1V8	U10-AV37	R29-1																
TR35_EXT_SYNC_P	U13-6	R39-2	J4-C10															
TR35_EXT_SYNC_N	U13-7	R39-1	J4-C11															
TR35_DAC_IF	R862-2	J48-6																
TR35_ADC_IF	J48-5	C1034-1																
TR34_SE_SPARE0	U10-BA37	J4-A4	D3-2															
TR34_EXT_SYNC_P3V3	U9-4	U9-1	R37-2															
TR34_EXT_SYNC_P1V8	U10-AV36	R35-1																
TR34_EXT_SYNC_P	U9-6	R32-2	J4-C7															
TR34_EXT_SYNC_N	U9-7	R32-1	J4-C8															
TR34_DAC_IF	R865-2	J48-8																
TR34_ADC_IF	J48-7	C1032-1																
TR33_SE_SPARE0	U10-BA40	J4-A6	D3-4															
TR33_EXT_SYNC_P3V3	U137-4	U137-1	R38-2															
TR33_EXT_SYNC_P1V8	U10-AW36	R36-1																
TR33_EXT_SYNC_P	U137-6	R24-2	J4-C4															
TR33_EXT_SYNC_N	U137-7	R24-1	J4-C5															
TR33_DAC_IF	R830-2	J49-2																
TR33_ADC_IF	J49-1	C1000-1																
TR32_SE_SPARE0	U10-BA39	J4-A8	D3-5															
TR32_EXT_SYNC_P3V3	U3-4	U3-1	R43-2															
TR32_EXT_SYNC_P1V8	U10-AW35	R42-1																
TR32_EXT_SYNC_P	U3-6	R14-2	J4-C1															
TR32_EXT_SYNC_N	U3-7	R14-1	J4-C2															
TR32_DAC_IF	R837-2	J49-4																
TR32_ADC_IF	J49-3	C969-1																
TR31_SE_SPARE0	U10-J34	J3-A10	D10-1															
TR31_EXT_SYNC_P3V3	U2-4	U2-1	R58-2															
TR31_EXT_SYNC_P1V8	U10-H34	R77-1																
TR31_EXT_SYNC_P	U2-6	R13-2	J3-B2															
TR31_EXT_SYNC_N	U2-7	R13-1	J3-B1															
TR31_DAC_IF	R1034-2	J47-6																
TR31_ADC_IF	J47-5	C951-1																
TR30_SE_SPARE0	U10-J33	J3-A12	D10-2															
TR30_EXT_SYNC_P3V3	U6-4	U6-1	R59-2															
TR30_EXT_SYNC_P1V8	U10-H33	R78-1																
TR30_EXT_SYNC_P	U6-6	R19-2	J3-B4															
TR30_EXT_SYNC_N	U6-7	R19-1	J3-B5															
TR30_DAC_IF	R915-2	J47-8																
TR30_ADC_IF	J47-7	C877-1																
TR3_SE_SPARE0	U10-G15	J0-A2	D39-1															
TR3_EXT_SYNC_P3V3	U113-4	U113-1	R439-2															
TR3_EXT_SYNC_P1V8	U10-E13	R441-1																
TR3_EXT_SYNC_P	U113-6	R413-2	J0-C10															
TR3_EXT_SYNC_N	U113-7	R413-1	J0-C11															
TR3_DAC_IF	R1645-2	J40-6																
TR3_ADC_IF	J40-5	C1477-1																
TR29_SE_SPARE0	U10-N34	J3-A14	D10-4															
TR29_EXT_SYNC_P3V3	U14-4	U14-1	R60-2															
TR29_EXT_SYNC_P1V8	U10-J35	R79-1																
TR29_EXT_SYNC_P	U14-6	R41-2	J3-B7															
TR29_EXT_SYNC_N	U14-7	R41-1	J3-B8															
TR29_DAC_IF	R1036-2	J46-2																
TR29_ADC_IF	J46-1	C953-1																
TR28_SE_SPARE0	U10-P34	J3-A16	D10-5															
TR28_EXT_SYNC_P3V3	U20-4	U20-1	R61-2															
TR28_EXT_SYNC_P1V8	U10-K35	R80-1																
TR28_EXT_SYNC_P	U20-6	R53-2	J3-B11															
TR28_EXT_SYNC_N	U20-7	R53-1	J3-B10															
TR28_DAC_IF	R1038-2	J46-4																
TR28_ADC_IF	J46-3	C879-1																
TR27_SE_SPARE0	U10-A38	J3-A2	D6-1															
TR27_EXT_SYNC_P3V3	U18-4	U18-1	R62-2															
TR27_EXT_SYNC_P1V8	U10-K33	R81-1																
TR27_EXT_SYNC_P	U18-6	R49-2	J3-C10															
TR27_EXT_SYNC_N	U18-7	R49-1	J3-C11															
TR27_DAC_IF	R917-2	J46-6																
TR27_ADC_IF	J46-5	C955-1																
TR26_SE_SPARE0	U10-A37	J3-A4	D6-2															
TR26_EXT_SYNC_P3V3	U140-4	U140-1	R63-2															
TR26_EXT_SYNC_P1V8	U10-L33	R82-1																
TR26_EXT_SYNC_P	U140-6	R34-2	J3-C7															
TR26_EXT_SYNC_N	U140-7	R34-1	J3-C8															
TR26_DAC_IF	R1040-2	J46-8																
TR26_ADC_IF	J46-7	C881-1																
TR25_SE_SPARE0	U10-B37	J3-A6	D6-4															
TR25_EXT_SYNC_P3V3	U5-4	U5-1	R64-2															
TR25_EXT_SYNC_P1V8	U10-L36	R83-1																
TR25_EXT_SYNC_P	U5-6	R15-2	J3-C4															
TR25_EXT_SYNC_N	U5-7	R15-1	J3-C5															
TR25_DAC_IF	R919-2	J47-2																
TR25_ADC_IF	J47-1	C957-1																
TR24_SE_SPARE0	U10-C36	J3-A8	D6-5															
TR24_EXT_SYNC_P3V3	U1-4	U1-1	R65-2															
TR24_EXT_SYNC_P1V8	U10-L35	R84-1																
TR24_EXT_SYNC_P	U1-6	R12-2	J3-C1															
TR24_EXT_SYNC_N	U1-7	R12-1	J3-C2															
TR24_DAC_IF	R921-2	J47-4																
TR24_ADC_IF	J47-3	C883-1																
TR23_SE_SPARE0	U10-F37	J2-A10	D12-1															
TR23_EXT_SYNC_P3V3	U19-4	U19-1	R109-2															
TR23_EXT_SYNC_P1V8	U10-E35	R134-1																
TR23_EXT_SYNC_P	U19-6	R46-2	J2-B2															
TR23_EXT_SYNC_N	U19-7	R46-1	J2-B1															
TR23_DAC_IF	R1141-2	J45-6																
TR23_ADC_IF	J45-5	C1176-1																
TR22_SE_SPARE0	U10-G37	J2-A12	D12-2															
TR22_EXT_SYNC_P3V3	U22-4	U22-1	R110-2															
TR22_EXT_SYNC_P1V8	U10-F35	R135-1																
TR22_EXT_SYNC_P	U22-6	R56-2	J2-B4															
TR22_EXT_SYNC_N	U22-7	R56-1	J2-B5															
TR22_DAC_IF	R1224-2	J45-8																
TR22_ADC_IF	J45-7	C1091-1																
TR21_SE_SPARE0	U10-H37	J2-A14	D12-4															
TR21_EXT_SYNC_P3V3	U24-4	U24-1	R111-2															
TR21_EXT_SYNC_P1V8	U10-E40	R136-1																
TR21_EXT_SYNC_P	U24-6	R66-2	J2-B7															
TR21_EXT_SYNC_N	U24-7	R66-1	J2-B8															
TR21_DAC_IF	R1143-2	J44-2																
TR21_ADC_IF	J44-1	C1178-1																
TR20_SE_SPARE0	U10-J36	J2-A16	D12-5															
TR20_EXT_SYNC_P3V3	U27-4	U27-1	R112-2															
TR20_EXT_SYNC_P1V8	U10-E39	R137-1																
TR20_EXT_SYNC_P	U27-6	R72-2	J2-B11															
TR20_EXT_SYNC_N	U27-7	R72-1	J2-B10															
TR20_DAC_IF	R1226-2	J44-4																
TR20_ADC_IF	J44-3	C1093-1																
TR2_SE_SPARE0	U10-G16	J0-A4	D39-2															
TR2_EXT_SYNC_P3V3	U119-4	U119-1	R438-2															
TR2_EXT_SYNC_P1V8	U10-F13	R440-1																
TR2_EXT_SYNC_P	U119-6	R425-2	J0-C7															
TR2_EXT_SYNC_N	U119-7	R425-1	J0-C8															
TR2_DAC_IF	R1642-2	J40-8																
TR2_ADC_IF	J40-7	C1479-1																
TR19_SE_SPARE0	U10-G36	J2-A2	D11-1															
TR19_EXT_SYNC_P3V3	U28-4	U28-1	R113-2															
TR19_EXT_SYNC_P1V8	U10-F38	R138-1																
TR19_EXT_SYNC_P	U28-6	R76-2	J2-C10															
TR19_EXT_SYNC_N	U28-7	R76-1	J2-C11															
TR19_DAC_IF	R1145-2	J44-6																
TR19_ADC_IF	J44-5	C1180-1																
TR18_SE_SPARE0	U10-H36	J2-A4	D11-2															
TR18_EXT_SYNC_P3V3	U25-4	U25-1	R114-2															
TR18_EXT_SYNC_P1V8	U10-G38	R139-1																
TR18_EXT_SYNC_P	U25-6	R67-2	J2-C7															
TR18_EXT_SYNC_N	U25-7	R67-1	J2-C8															
TR18_DAC_IF	R1228-2	J44-8																
TR18_ADC_IF	J44-7	C1095-1																
TR17_SE_SPARE0	U10-H38	J2-A6	D11-4															
TR17_EXT_SYNC_P3V3	U23-4	U23-1	R115-2															
TR17_EXT_SYNC_P1V8	U10-E37	R140-1																
TR17_EXT_SYNC_P	U23-6	R57-2	J2-C4															
TR17_EXT_SYNC_N	U23-7	R57-1	J2-C5															
TR17_DAC_IF	R1147-2	J45-2																
TR17_ADC_IF	J45-1	C1182-1																
TR16_SE_SPARE0	U10-J38	J2-A8	D11-5															
TR16_EXT_SYNC_P3V3	U21-4	U21-1	R116-2															
TR16_EXT_SYNC_P1V8	U10-E36	R141-1																
TR16_EXT_SYNC_P	U21-6	R50-2	J2-C1															
TR16_EXT_SYNC_N	U21-7	R50-1	J2-C2															
TR16_DAC_IF	R1230-2	J45-4																
TR16_ADC_IF	J45-3	C1097-1																
TR15_SE_SPARE0	U10-P13	J1-A10	D25-1															
TR15_EXT_SYNC_P3V3	U50-4	U50-1	R226-2															
TR15_EXT_SYNC_P1V8	U10-K15	R262-1																
TR15_EXT_SYNC_P	U50-6	R178-2	J1-B2															
TR15_EXT_SYNC_N	U50-7	R178-1	J1-B1															
TR15_DAC_IF	R1519-2	J43-6																
TR15_ADC_IF	J43-5	C1344-1																
TR14_SE_SPARE0	U10-P14	J1-A12	D25-2															
TR14_EXT_SYNC_P3V3	U52-4	U52-1	R227-2															
TR14_EXT_SYNC_P1V8	U10-L15	R263-1																
TR14_EXT_SYNC_P	U52-6	R180-2	J1-B4															
TR14_EXT_SYNC_N	U52-7	R180-1	J1-B5															
TR14_DAC_IF	R1527-2	J43-8																
TR14_ADC_IF	J43-7	C1350-1																
TR13_SE_SPARE0	U10-R15	J1-A14	D25-4															
TR13_EXT_SYNC_P3V3	U59-4	U59-1	R228-2															
TR13_EXT_SYNC_P1V8	U10-M16	R264-1																
TR13_EXT_SYNC_P	U59-6	R183-2	J1-B7															
TR13_EXT_SYNC_N	U59-7	R183-1	J1-B8															
TR13_DAC_IF	R1574-2	J42-2																
TR13_ADC_IF	J42-1	C1412-1																
TR12_SE_SPARE0	U10-T15	J1-A16	D25-5															
TR12_EXT_SYNC_P3V3	U62-4	U62-1	R229-2															
TR12_EXT_SYNC_P1V8	U10-N16	R265-1																
TR12_EXT_SYNC_P	U62-6	R187-2	J1-B11															
TR12_EXT_SYNC_N	U62-7	R187-1	J1-B10															
TR12_DAC_IF	R1648-2	J42-4																
TR12_ADC_IF	J42-3	C1415-1																
TR11_SE_SPARE0	U10-A13	J1-A2	D24-1															
TR11_EXT_SYNC_P3V3	U66-4	U66-1	R230-2															
TR11_EXT_SYNC_P1V8	U10-N13	R266-1																
TR11_EXT_SYNC_P	U66-6	R195-2	J1-C10															
TR11_EXT_SYNC_N	U66-7	R195-1	J1-C11															
TR11_DAC_IF	R1580-2	J42-6																
TR11_ADC_IF	J42-5	C1482-1																
TR10_SE_SPARE0	U10-B13	J1-A4	D24-2															
TR10_EXT_SYNC_P3V3	U64-4	U64-1	R231-2															
TR10_EXT_SYNC_P1V8	U10-N14	R267-1																
TR10_EXT_SYNC_P	U64-6	R192-2	J1-C7															
TR10_EXT_SYNC_N	U64-7	R192-1	J1-C8															
TR10_DAC_IF	R1686-2	J42-8																
TR10_ADC_IF	J42-7	C1484-1																
TR1_SE_SPARE0	U10-L13	J0-A6	D39-4															
TR1_EXT_SYNC_P3V3	U125-4	U125-1	R427-2															
TR1_EXT_SYNC_P1V8	U10-H13	R429-1																
TR1_EXT_SYNC_P	U125-6	R437-2	J0-C4															
TR1_EXT_SYNC_N	U125-7	R437-1	J0-C5															
TR1_DAC_IF	R1679-2	J41-2																
TR1_ADC_IF	J41-1	C1539-1																
TR0_SE_SPARE0	U10-L14	J0-A8	D39-5															
TR0_EXT_SYNC_P3V3	U128-4	U128-1	R426-2															
TR0_EXT_SYNC_P1V8	U10-H14	R428-1																
TR0_EXT_SYNC_P	U128-6	R459-2	J0-C1															
TR0_EXT_SYNC_N	U128-7	R459-1	J0-C2															
TR0_DAC_IF	R1672-2	J41-4																
TR0_ADC_IF	J41-3	C1541-1																
TMP_SDA	U93-3	U10-N19																
TMP_SCL	U93-2	U10-R20																
TMP_ALERT	U93-4	U10-T20																
TE_INS_TX_P	U802-6	R801-2	J28-1															
TE_INS_TX_N	U802-7	R801-1	J28-2															
TE_INS_SEL_P	U800-6	R800-2	J28-7															
TE_INS_SEL_N	U800-7	R800-1	J28-8															
TE_INS_RX_P	U801-6	J28-4																
TE_INS_RX_N	U801-7	J28-5																
TE_EXT_SYNC_P3V3	R235-2	R9-1																
TE_EXT_SYNC_P1V8	U72-19	U10-B29	R525-2															
TE_EXT_SYNC	R3-2	J28-15																
TD_D_P	U874-10	T1-11																
TD_D_N	U874-11	T1-12																
TD_C_P	U874-7	T1-8																
TD_C_N	U874-8	T1-9																
TD_B_P	U874-4	T1-5																
TD_B_N	U874-5	T1-6																
TD_A_P	U874-1	T1-2																
TD_A_N	U874-2	T1-3																
SYS_CLK_VX_ALT	U10-E33	R283-2																
SYS_CLK_VX	U79-3	U10-J18																
SYS_CLK_PS	U79-2	U4-R16																
SYNC_EN7_P3V3	U131-3	U131-2	U130-3	U130-2	U127-3	U127-2	U123-3	U123-2	U117-3	U117-2	U112-3	U112-2	U105-3	U105-2	U102-3	U102-2	R1255-1	R308-2
SYNC_EN6_P3V3	U103-3	U103-2	U101-3	U101-2	U100-3	U100-2	U99-3	U99-2	U98-3	U98-2	U97-3	U97-2	U96-3	U96-2	U95-3	U95-2	R1254-1	R309-2
SYNC_EN5_P3V3	U65-3	U65-2	U63-3	U63-2	U61-3	U61-2	U57-3	U57-2	U56-3	U56-2	U54-3	U54-2	U51-3 	U51-2	U49-3	U49-2	R1253-1	R310-2
SYNC_EN4_P3V3	U139-3	U139-2	U137-3	U137-2	U16-3	U16-2	U15-3	U15-2	U13-3	U13-2	U9-3	U9-2	U8-3	U8-2	U3-3	U3-2	R1252-1	R311-2
SYNC_EN3_P3V3	U140-3	U140-2	U20-3	U20-2	U18-3	U18-2	U14-3	U14-2	U6-3	U6-2	U5-3	U5-2	U2-3	U2-2	U1-3	U1-2	R1251-1	R312-2
SYNC_EN2_P3V3	U28-3	U28-2	U27-3	U27-2	U25-3	U25-2	U24-3	U24-2	U23-3	U23-2	U22-3	U22-2	U21-3	U21-2	U19-3	U19-2	R1250-1	R313-2
SYNC_EN1_P3V3	U66-3	U66-2	U64-3	U64-2	U62-3	U62-2	U59-3	U59-2	U58-3	U58-2	U55-3	U55-2	U52-3	U52-2	U50-3	U50-2	R1249-1	R314-2
SYNC_EN0_P3V3	U128-3	U128-2	U125-3	U125-2	U120-3	U120-2	U119-3	U119-2	U118-3	U118-2	U113-3	U113-2	U111-3	U111-2	U106-3	U106-2	R1248-1	R315-2
SYNC_EN_P1V8	U83-21	U83-20	U83-19	U83-18	U83-17	U83-16	U83-15	U83-14	U10-F15									
SRS2_VX_MGTY_TX_7_P	J22-G30	C602-2																
SRS2_VX_MGTY_TX_7_N	J22-H30	C603-2																
SRS2_VX_MGTY_TX_6_P	J22-E29	C604-2																
SRS2_VX_MGTY_TX_6_N	J22-F29	C605-2																
SRS2_VX_MGTY_TX_5_P	J22-C30	C606-2																
SRS2_VX_MGTY_TX_5_N	J22-D30	C607-2																
SRS2_VX_MGTY_TX_4_P	J22-A29	C608-2																
SRS2_VX_MGTY_TX_4_N	J22-B29	C609-2																
SRS2_VX_MGTY_TX_3_P	J22-A27	C610-2																
SRS2_VX_MGTY_TX_3_N	J22-B27	C611-2																
SRS2_VX_MGTY_TX_2_P	J22-D28	C612-2																
SRS2_VX_MGTY_TX_2_N	J22-C28	C613-2																
SRS2_VX_MGTY_TX_1_P	J22-F27	C614-2																
SRS2_VX_MGTY_TX_1_N	J22-E27	C615-2																
SRS2_VX_MGTY_TX_0_P	J22-H28	C616-2																
SRS2_VX_MGTY_TX_0_N	J22-G28	C617-2																
SRS2_USB_VBUS	J38-2	J22-H24																
SRS2_USB_P	J38-4	J23-D3	D37-1															
SRS2_USB_N	J38-6	J23-C3	D37-2															
SRS2_UCD_DATA_P1V8	U10-AU30	R397-1																
SRS2_UCD_DATA	R399-2	J23-G1																
SRS2_UCD_CNTRL_P1V8	U110-2	U10-AV29																
SRS2_UCD_CNTRL	R393-2	J23-E1																
SRS2_UCD_CLK_P1V8	U10-AU27	R398-1																
SRS2_UCD_CLK	R400-2	J23-H1																
SRS2_UCD_ALERT_P1V8	U10-AU29	R392-1																
SRS2_UCD_ALERT	U110-12	J23-F1																
SRS2_TX_ENABLE	U10-BA30	J23-A9	D51-1															
SRS2_RESET_N	U10-AV28	J23-A24	D53-4															
SRS2_PLL_SYNC_P1V8	U67-5	U10-A30																
SRS2_PLL_SYNC	R210-2	J23-G5																
SRS2_EXT_CLK_P	J23-F6	J23-A4																
SRS2_EXT_CLK_N	J23-E6	J23-B4																
SRS2_EXT_CLK_IN_P	J23-E4	C311-2																
SRS2_EXT_CLK_IN_N	J23-F4	C310-2																
SRS2_DAC9_P_OUT	T853-4	R1625-2																
SRS2_DAC9_P	J20-B20	C1659-1																
SRS2_DAC9_N_OUT	T853-3	R1624-2																
SRS2_DAC9_N	J20-B21	C1658-1																
SRS2_DAC8_P_OUT	T852-4	R1623-2																
SRS2_DAC8_P	J20-F23	C1657-1																
SRS2_DAC8_N_OUT	T852-3	R1622-2																
SRS2_DAC8_N	J20-F22	C1656-1																
SRS2_DAC7_P_OUT	T839-4	R1421-2																
SRS2_DAC7_P	J20-A24	C1495-1																
SRS2_DAC7_N_OUT	T839-3	R1419-2																
SRS2_DAC7_N	J20-A25	C1494-1																
SRS2_DAC6_P_OUT	T835-4	R1293-2																
SRS2_DAC6_P	J20-E27	C1362-1																
SRS2_DAC6_N_OUT	T835-3	R1292-2																
SRS2_DAC6_N	J20-E26	C1361-1																
SRS2_DAC5_P_OUT	T838-4	R1418-2																
SRS2_DAC5_P	J20-B28	C1493-1																
SRS2_DAC5_N_OUT	T838-3	R1416-2																
SRS2_DAC5_N	J20-B29	C1492-1																
SRS2_DAC4_P_OUT	T834-4	R1291-2																
SRS2_DAC4_P	J20-F31	C1360-1																
SRS2_DAC4_N_OUT	T834-3	R1290-2																
SRS2_DAC4_N	J20-F30	C1359-1																
SRS2_DAC3_P_OUT	T837-4	R1415-2																
SRS2_DAC3_P	J20-A32	C1491-1																
SRS2_DAC3_N_OUT	T837-3	R1413-2																
SRS2_DAC3_N	J20-A33	C1490-1																
SRS2_DAC2_P_OUT	T833-4	R1289-2																
SRS2_DAC2_P	J20-E35	C1358-1																
SRS2_DAC2_N_OUT	T833-3	R1288-2																
SRS2_DAC2_N	J20-E34	C1357-1																
SRS2_DAC15_P_OUT	T843-4	R1545-2																
SRS2_DAC15_P	J20-A8	C1597-1																
SRS2_DAC15_N_OUT	T843-3	R1543-2																
SRS2_DAC15_N	J20-A9	C1596-1																
SRS2_DAC14_P_OUT	T855-4	R1629-2																
SRS2_DAC14_P	J20-E11	C1663-1																
SRS2_DAC14_N_OUT	T855-3	R1628-2																
SRS2_DAC14_N	J20-E10	C1662-1																
SRS2_DAC13_P_OUT	T842-4	R1542-2																
SRS2_DAC13_P	J20-B12	C1595-1																
SRS2_DAC13_N_OUT	T842-3	R1540-2																
SRS2_DAC13_N	J20-B13	C1594-1																
SRS2_DAC12_P_OUT	T841-4	R1539-2																
SRS2_DAC12_P	J20-F15	C1593-1																
SRS2_DAC12_N_OUT	T841-3	R1537-2																
SRS2_DAC12_N	J20-F14	C1592-1																
SRS2_DAC11_P_OUT	T854-4	R1627-2																
SRS2_DAC11_P	J20-A16	C1661-1																
SRS2_DAC11_N_OUT	T854-3	R1626-2																
SRS2_DAC11_N	J20-A17	C1660-1																
SRS2_DAC10_P_OUT	T840-4	R1536-2																
SRS2_DAC10_P	J20-E19	C1591-1																
SRS2_DAC10_N_OUT	T840-3	R1534-2																
SRS2_DAC10_N	J20-E18	C1590-1																
SRS2_DAC1_P_OUT	T836-4	R1412-2																
SRS2_DAC1_P	J20-B36	C1489-1																
SRS2_DAC1_N_OUT	T836-3	R1410-2																
SRS2_DAC1_N	J20-B37	C1488-1																
SRS2_DAC0_P_OUT	T832-4	R1287-2																
SRS2_DAC0_P	J20-F39	C1356-1																
SRS2_DAC0_N_OUT	T832-3	R1286-2																
SRS2_DAC0_N	J20-F38	C1355-1																
SRS2_ADC9_P	L918-2	J21-A14	C1598-1															
SRS2_ADC9_N	L919-2	J21-A15	C1598-2															
SRS2_ADC9_EN_N	U866-2	U10-M26	R1492-1															
SRS2_ADC8_P	L926-2	J21-E17	C1676-1															
SRS2_ADC8_N	L927-2	J21-E16	C1676-2															
SRS2_ADC8_EN_N	U870-2	U10-N26	R1632-1															
SRS2_ADC7_P	L882-2	J21-B18	C1377-1															
SRS2_ADC7_N	L883-2	J21-B19	C1377-2															
SRS2_ADC7_EN_N	U843-2	U10-P26	R1305-1															
SRS2_ADC6_P	L907-2	J21-F21	C1503-1															
SRS2_ADC6_N	L908-2	J21-F20	C1503-2															
SRS2_ADC6_EN_N	U856-2	U10-R26	R1398-1															
SRS2_ADC5_P	L880-2	J21-A22	C1376-1															
SRS2_ADC5_N	L881-2	J21-A23	C1376-2															
SRS2_ADC5_EN_N	U842-2	U10-N28	R1302-1															
SRS2_ADC4_P	L905-2	J21-E25	C1502-1															
SRS2_ADC4_N	L906-2	J21-E24	C1502-2															
SRS2_ADC4_EN_N	U855-2	U10-N27	R1395-1															
SRS2_ADC3_P	L878-2	J21-B26	C1375-1															
SRS2_ADC3_N	L879-2	J21-B27	C1375-2															
SRS2_ADC3_EN_N	U841-2	U10-B27	R1299-1															
SRS2_ADC2_P	L903-2	J21-F29	C1501-1															
SRS2_ADC2_N	L904-2	J21-F28	C1501-2															
SRS2_ADC2_EN_N	U854-2	U10-B26	R1392-1															
SRS2_ADC15_P	L924-2	J21-B2	C1601-1															
SRS2_ADC15_N	L925-2	J21-B3	C1601-2															
SRS2_ADC15_EN_N	U869-2	U10-L28	R1501-1															
SRS2_ADC14_P	L932-2	J21-F5	C1679-1															
SRS2_ADC14_N	L933-2	J21-F4	C1679-2															
SRS2_ADC14_EN_N	U873-2	U10-M27	R1641-1															
SRS2_ADC13_P	L922-2	J21-A6	C1600-1															
SRS2_ADC13_N	L923-2	J21-A7	C1600-2															
SRS2_ADC13_EN_N	U868-2	U10-L25	R1498-1															
SRS2_ADC12_P	L930-2	J21-E9	C1678-1															
SRS2_ADC12_N	L931-2	J21-E8	C1678-2															
SRS2_ADC12_EN_N	U872-2	U10-M25	R1638-1															
SRS2_ADC11_P	L920-2	J21-B10	C1599-1															
SRS2_ADC11_N	L921-2	J21-B11	C1599-2															
SRS2_ADC11_EN_N	U867-2	U10-P25	R1495-1															
SRS2_ADC10_P	L928-2	J21-F13	C1677-1															
SRS2_ADC10_N	L929-2	J21-F12	C1677-2															
SRS2_ADC10_EN_N	U871-2	U10-R25	R1635-1															
SRS2_ADC1_P	L876-2	J21-A30	C1374-1															
SRS2_ADC1_N	L877-2	J21-A31	C1374-2															
SRS2_ADC1_EN_N	U840-2	U10-C26	R1296-1															
SRS2_ADC0_P	L901-2	J21-E33	C1500-1															
SRS2_ADC0_N	L902-2	J21-E32	C1500-2															
SRS2_ADC0_EN_N	U853-2	U10-D26	R1389-1															
SRS2_ADC_THRESHOLD_MIN	U10-BB30	J23-A10	D51-2															
SRS2_ADC_THRESHOLD_MAX	U10-BA27	J23-A12	D51-4															
SRS1_VX_MGTY_TX_7_P	J18-G30	C401-2																
SRS1_VX_MGTY_TX_7_N	J18-H30	C400-2																
SRS1_VX_MGTY_TX_6_P	J18-E29	C403-2																
SRS1_VX_MGTY_TX_6_N	J18-F29	C402-2																
SRS1_VX_MGTY_TX_5_P	J18-C30	C405-2																
SRS1_VX_MGTY_TX_5_N	J18-D30	C404-2																
SRS1_VX_MGTY_TX_4_P	J18-A29	C407-2																
SRS1_VX_MGTY_TX_4_N	J18-B29	C406-2																
SRS1_VX_MGTY_TX_3_P	J18-A27	C409-2																
SRS1_VX_MGTY_TX_3_N	J18-B27	C408-2																
SRS1_VX_MGTY_TX_2_P	J18-D28	C411-2																
SRS1_VX_MGTY_TX_2_N	J18-C28	C410-2																
SRS1_VX_MGTY_TX_1_P	J18-F27	C413-2																
SRS1_VX_MGTY_TX_1_N	J18-E27	C412-2																
SRS1_VX_MGTY_TX_0_P	J18-H28	C415-2																
SRS1_VX_MGTY_TX_0_N	J18-G28	C414-2																
SRS1_USB_VBUS	J37-2	J18-H24																
SRS1_USB_P	J37-4	J19-D3	D14-1															
SRS1_USB_N	J37-6	J19-C3	D14-2															
SRS1_UCD_DATA_P1V8	U10-D35	R143-1																
SRS1_UCD_DATA	R127-2	J19-G1																
SRS1_UCD_CNTRL_P1V8	U43-2	U10-K31																
SRS1_UCD_CNTRL	R126-2	J19-E1																
SRS1_UCD_CLK_P1V8	U10-J29	R144-1																
SRS1_UCD_CLK	R128-2	J19-H1																
SRS1_UCD_ALERT_P1V8	U10-D34	R142-1																
SRS1_UCD_ALERT	U43-12	J19-F1																
SRS1_TX_ENABLE	U10-G31	J19-A9	D45-1															
SRS1_RESET_N	U10-K30	J19-A24	D47-4															
SRS1_PLL_SYNC_P1V8	U67-4	U10-A29																
SRS1_PLL_SYNC	R211-2	J19-G5																
SRS1_EXT_CLK_P	J19-F6	J19-A4																
SRS1_EXT_CLK_N	J19-E6	J19-B4																
SRS1_EXT_CLK_IN_P	J19-E4	C304-2																
SRS1_EXT_CLK_IN_N	J19-F4	C303-2																
SRS1_DAC9_P_OUT	T804-4	R888-2																
SRS1_DAC9_P	J16-B20	C860-1																
SRS1_DAC9_N_OUT	T804-3	R855-2																
SRS1_DAC9_N	J16-B21	C850-1																
SRS1_DAC8_P_OUT	T800-4	R814-2																
SRS1_DAC8_P	J16-F23	C817-1																
SRS1_DAC8_N_OUT	T800-3	R813-2																
SRS1_DAC8_N	J16-F22	C816-1																
SRS1_DAC7_P_OUT	T818-4	R994-2																
SRS1_DAC7_P	J16-A24	C928-1																
SRS1_DAC7_N_OUT	T818-3	R993-2																
SRS1_DAC7_N	J16-A25	C927-1																
SRS1_DAC6_P_OUT	T819-4	R1002-2																
SRS1_DAC6_P	J16-E27	C931-1																
SRS1_DAC6_N_OUT	T819-3	R1001-2																
SRS1_DAC6_N	J16-E26	C930-1																
SRS1_DAC5_P_OUT	T814-4	R938-2																
SRS1_DAC5_P	J16-B28	C891-1																
SRS1_DAC5_N_OUT	T814-3	R937-2																
SRS1_DAC5_N	J16-B29	C890-1																
SRS1_DAC4_P_OUT	T815-4	R944-2																
SRS1_DAC4_P	J16-F31	C894-1																
SRS1_DAC4_N_OUT	T815-3	R943-2																
SRS1_DAC4_N	J16-F30	C893-1																
SRS1_DAC3_P_OUT	T806-4	R898-2																
SRS1_DAC3_P	J16-A32	C862-1																
SRS1_DAC3_N_OUT	T806-3	R861-2																
SRS1_DAC3_N	J16-A33	C854-1																
SRS1_DAC2_P_OUT	T807-4	R903-2																
SRS1_DAC2_P	J16-E35	C863-1																
SRS1_DAC2_N_OUT	T807-3	R864-2																
SRS1_DAC2_N	J16-E34	C856-1																
SRS1_DAC15_P_OUT	T817-4	R986-2																
SRS1_DAC15_P	J16-A8	C925-1																
SRS1_DAC15_N_OUT	T817-3	R985-2																
SRS1_DAC15_N	J16-A9	C924-1																
SRS1_DAC14_P_OUT	T816-4	R978-2																
SRS1_DAC14_P	J16-E11	C922-1																
SRS1_DAC14_N_OUT	T816-3	R977-2																
SRS1_DAC14_N	J16-E10	C921-1																
SRS1_DAC13_P_OUT	T813-4	R932-2																
SRS1_DAC13_P	J16-B12	C888-1																
SRS1_DAC13_N_OUT	T813-3	R931-2																
SRS1_DAC13_N	J16-B13	C887-1																
SRS1_DAC12_P_OUT	T805-4	R893-2																
SRS1_DAC12_P	J16-F15	C861-1																
SRS1_DAC12_N_OUT	T805-3	R858-2																
SRS1_DAC12_N	J16-F14	C852-1																
SRS1_DAC11_P_OUT	T812-4	R926-2																
SRS1_DAC11_P	J16-A16	C885-1																
SRS1_DAC11_N_OUT	T812-3	R925-2																
SRS1_DAC11_N	J16-A17	C884-1																
SRS1_DAC10_P_OUT	T801-4	R821-2																
SRS1_DAC10_P	J16-E19	C820-1																
SRS1_DAC10_N_OUT	T801-3	R820-2																
SRS1_DAC10_N	J16-E18	C819-1																
SRS1_DAC1_P_OUT	T802-4	R828-2																
SRS1_DAC1_P	J16-B36	C823-1																
SRS1_DAC1_N_OUT	T802-3	R827-2																
SRS1_DAC1_N	J16-B37	C822-1																
SRS1_DAC0_P_OUT	T803-4	R835-2																
SRS1_DAC0_P	J16-F39	C826-1																
SRS1_DAC0_N_OUT	T803-3	R834-2																
SRS1_DAC0_N	J16-F38	C825-1																
SRS1_ADC9_P	L819-2	J17-A14	C985-1															
SRS1_ADC9_N	L820-2	J17-A15	C985-2															
SRS1_ADC9_EN_N	U814-2	U10-R22	R1061-1															
SRS1_ADC8_P	L817-2	J17-E17	C981-1															
SRS1_ADC8_N	L818-2	J17-E16	C981-2															
SRS1_ADC8_EN_N	U813-2	U10-T22	R1059-1															
SRS1_ADC7_P	L862-2	J17-B18	C1139-1															
SRS1_ADC7_N	L864-2	J17-B19	C1139-2															
SRS1_ADC7_EN_N	U832-2	U10-N23	R1184-1															
SRS1_ADC6_P	L860-2	J17-F21	C1133-1															
SRS1_ADC6_N	L861-2	J17-F20	C1133-2															
SRS1_ADC6_EN_N	U831-2	U10-P23	R1181-1															
SRS1_ADC5_P	L844-2	J17-A22	C1105-1															
SRS1_ADC5_N	L848-2	J17-A23	C1105-2															
SRS1_ADC5_EN_N	U828-2	U10-P21	R1157-1															
SRS1_ADC4_P	L843-2	J17-E25	C1083-1															
SRS1_ADC4_N	L847-2	J17-E24	C1083-2															
SRS1_ADC4_EN_N	U826-2	U10-R21	R1152-1															
SRS1_ADC3_P	L839-2	J17-B26	C1060-1															
SRS1_ADC3_N	L840-2	J17-B27	C1060-2															
SRS1_ADC3_EN_N	U820-2	U10-A22	R1125-1															
SRS1_ADC2_P	L834-2	J17-F29	C1056-1															
SRS1_ADC2_N	L838-2	J17-F28	C1056-2															
SRS1_ADC2_EN_N	U819-2	U10-A23	R1103-1															
SRS1_ADC15_P	L859-2	J17-B2	C1128-1															
SRS1_ADC15_N	L863-2	J17-B3	C1128-2															
SRS1_ADC15_EN_N	U830-2	U10-L22	R1179-1															
SRS1_ADC14_P	L857-2	J17-F5	C1123-1															
SRS1_ADC14_N	L858-2	J17-F4	C1123-2															
SRS1_ADC14_EN_N	U829-2	U10-M22	R1381-1															
SRS1_ADC13_P	L842-2	J17-A6	C1099-1															
SRS1_ADC13_N	L846-2	J17-A7	C1099-2															
SRS1_ADC13_EN_N	U827-2	U10-R23	R1155-1															
SRS1_ADC12_P	L841-2	J17-E9	C1075-1															
SRS1_ADC12_N	L845-2	J17-E8	C1075-2															
SRS1_ADC12_EN_N	U825-2	U10-T24	R1148-1															
SRS1_ADC11_P	L836-2	J17-B10	C1051-1															
SRS1_ADC11_N	L837-2	J17-B11	C1051-2															
SRS1_ADC11_EN_N	U818-2	U10-N24	R1122-1															
SRS1_ADC10_P	L833-2	J17-F13	C1023-1															
SRS1_ADC10_N	L835-2	J17-F12	C1023-2															
SRS1_ADC10_EN_N	U817-2	U10-P24	R1098-1															
SRS1_ADC1_P	L823-2	J17-A30	C996-1															
SRS1_ADC1_N	L824-2	J17-A31	C996-2															
SRS1_ADC1_EN_N	U816-2	U10-B24	R1065-1															
SRS1_ADC0_P	L821-2	J17-E33	C991-1															
SRS1_ADC0_N	L822-2	J17-E32	C991-2															
SRS1_ADC0_EN_N	U815-2	U10-B25	R1063-1															
SRS1_ADC_THRESHOLD_MIN	U10-G32	J19-A10	D45-2															
SRS1_ADC_THRESHOLD_MAX	U10-G30	J19-A12	D45-4															
SRS0_VX_MGTY_TX_7_P	J14-G30	C385-2																
SRS0_VX_MGTY_TX_7_N	J14-H30	C384-2																
SRS0_VX_MGTY_TX_6_P	J14-E29	C387-2																
SRS0_VX_MGTY_TX_6_N	J14-F29	C386-2																
SRS0_VX_MGTY_TX_5_P	J14-C30	C389-2																
SRS0_VX_MGTY_TX_5_N	J14-D30	C388-2																
SRS0_VX_MGTY_TX_4_P	J14-A29	C391-2																
SRS0_VX_MGTY_TX_4_N	J14-B29	C390-2																
SRS0_VX_MGTY_TX_3_P	J14-A27	C393-2																
SRS0_VX_MGTY_TX_3_N	J14-B27	C392-2																
SRS0_VX_MGTY_TX_2_P	J14-D28	C395-2																
SRS0_VX_MGTY_TX_2_N	J14-C28	C394-2																
SRS0_VX_MGTY_TX_1_P	J14-F27	C397-2																
SRS0_VX_MGTY_TX_1_N	J14-E27	C396-2																
SRS0_VX_MGTY_TX_0_P	J14-H28	C399-2																
SRS0_VX_MGTY_TX_0_N	J14-G28	C398-2																
SRS0_USB_VBUS	J36-2	J14-H24																
SRS0_USB_P	J36-4	J15-D3	D4-1															
SRS0_USB_N	J36-6	J15-C3	D4-2															
SRS0_UCD_DATA_P1V8	U10-AW33	R52-1																
SRS0_UCD_DATA	R51-2	J15-G1																
SRS0_UCD_CNTRL_P1V8	U17-2	U10-AY31																
SRS0_UCD_CNTRL	R54-2	J15-E1																
SRS0_UCD_CLK_P1V8	U10-AV31	R48-1																
SRS0_UCD_CLK	R47-2	J15-H1																
SRS0_UCD_ALERT_P1V8	U10-AV33	R55-1																
SRS0_UCD_ALERT	U17-12	J15-F1																
SRS0_TX_ENABLE	U10-BB35	J15-A9	D48-1															
SRS0_RESET_N	U10-AW31	J15-A24	D50-4															
SRS0_PLL_SYNC_P1V8	U67-3	U10-P28																
SRS0_PLL_SYNC	R212-2	J15-G5																
SRS0_EXT_CLK_P	J15-F6	J15-A4																
SRS0_EXT_CLK_N	J15-E6	J15-B4																
SRS0_EXT_CLK_IN_P	J15-E4	C302-2																
SRS0_EXT_CLK_IN_N	J15-F4	C298-2																
SRS0_DAC9_P_OUT	T810-4	R882-2																
SRS0_DAC9_P	J12-B20	C832-1																
SRS0_DAC9_N_OUT	T810-3	R883-2																
SRS0_DAC9_N	J12-B21	C833-1																
SRS0_DAC8_P_OUT	T811-4	R884-2																
SRS0_DAC8_P	J12-F23	C834-1																
SRS0_DAC8_N_OUT	T811-3	R885-2																
SRS0_DAC8_N	J12-F22	C835-1																
SRS0_DAC7_P_OUT	T824-4	R1085-2																
SRS0_DAC7_P	J12-A24	C1015-1																
SRS0_DAC7_N_OUT	T824-3	R1087-2																
SRS0_DAC7_N	J12-A25	C1016-1																
SRS0_DAC6_P_OUT	T828-4	R1198-2																
SRS0_DAC6_P	J12-E27	C1115-1																
SRS0_DAC6_N_OUT	T828-3	R1199-2																
SRS0_DAC6_N	J12-E26	C1116-1																
SRS0_DAC5_P_OUT	T825-4	R1088-2																
SRS0_DAC5_P	J12-B28	C1017-1																
SRS0_DAC5_N_OUT	T825-3	R1090-2																
SRS0_DAC5_N	J12-B29	C1018-1																
SRS0_DAC4_P_OUT	T829-4	R1200-2																
SRS0_DAC4_P	J12-F31	C1117-1																
SRS0_DAC4_N_OUT	T829-3	R1201-2																
SRS0_DAC4_N	J12-F30	C1118-1																
SRS0_DAC3_P_OUT	T826-4	R1091-2																
SRS0_DAC3_P	J12-A32	C1019-1																
SRS0_DAC3_N_OUT	T826-3	R1093-2																
SRS0_DAC3_N	J12-A33	C1020-1																
SRS0_DAC2_P_OUT	T830-4	R1202-2																
SRS0_DAC2_P	J12-E35	C1119-1																
SRS0_DAC2_N_OUT	T830-3	R1203-2																
SRS0_DAC2_N	J12-E34	C1120-1																
SRS0_DAC15_P_OUT	T820-4	R962-2																
SRS0_DAC15_P	J12-A8	C901-1																
SRS0_DAC15_N_OUT	T820-3	R964-2																
SRS0_DAC15_N	J12-A9	C902-1																
SRS0_DAC14_P_OUT	T808-4	R878-2																
SRS0_DAC14_P	J12-E11	C828-1																
SRS0_DAC14_N_OUT	T808-3	R879-2																
SRS0_DAC14_N	J12-E10	C829-1																
SRS0_DAC13_P_OUT	T821-4	R965-2																
SRS0_DAC13_P	J12-B12	C903-1																
SRS0_DAC13_N_OUT	T821-3	R967-2																
SRS0_DAC13_N	J12-B13	C904-1																
SRS0_DAC12_P_OUT	T822-4	R968-2																
SRS0_DAC12_P	J12-F15	C905-1																
SRS0_DAC12_N_OUT	T822-3	R970-2																
SRS0_DAC12_N	J12-F14	C906-1																
SRS0_DAC11_P_OUT	T809-4	R880-2																
SRS0_DAC11_P	J12-A16	C830-1																
SRS0_DAC11_N_OUT	T809-3	R881-2																
SRS0_DAC11_N	J12-A17	C831-1																
SRS0_DAC10_P_OUT	T823-4	R971-2																
SRS0_DAC10_P	J12-E19	C907-1																
SRS0_DAC10_N_OUT	T823-3	R973-2																
SRS0_DAC10_N	J12-E18	C908-1																
SRS0_DAC1_P_OUT	T827-4	R1094-2																
SRS0_DAC1_P	J12-B36	C1021-1																
SRS0_DAC1_N_OUT	T827-3	R1096-2																
SRS0_DAC1_N	J12-B37	C1022-1																
SRS0_DAC0_P_OUT	T831-4	R1204-2																
SRS0_DAC0_P	J12-F39	C1121-1																
SRS0_DAC0_N_OUT	T831-3	R1205-2																
SRS0_DAC0_N	J12-F38	C1122-1																
SRS0_ADC9_P	L816-2	J13-A14	C900-1															
SRS0_ADC9_N	L815-2	J13-A15	C900-2															
SRS0_ADC9_EN_N	U812-2	U10-F24	R1015-1															
SRS0_ADC8_P	L808-2	J13-E17	C815-1															
SRS0_ADC8_N	L807-2	J13-E16	C815-2															
SRS0_ADC8_EN_N	U808-2	U10-G25	R875-1															
SRS0_ADC7_P	L850-2	J13-B18	C1109-1															
SRS0_ADC7_N	L849-2	J13-B19	C1109-2															
SRS0_ADC7_EN_N	U833-2	U10-H22	R1186-1															
SRS0_ADC6_P	L826-2	J13-F21	C1011-1															
SRS0_ADC6_N	L825-2	J13-F20	C1011-2															
SRS0_ADC6_EN_N	U821-2	U10-H23	R1110-1															
SRS0_ADC5_P	L852-2	J13-A22	C1110-1															
SRS0_ADC5_N	L851-2	J13-A23	C1110-2															
SRS0_ADC5_EN_N	U834-2	U10-G24	R1189-1															
SRS0_ADC4_P	L828-2	J13-E25	C1012-1															
SRS0_ADC4_N	L827-2	J13-E24	C1012-2															
SRS0_ADC4_EN_N	U822-2	U10-H24	R1113-1															
SRS0_ADC3_P	L854-2	J13-B26	C1111-1															
SRS0_ADC3_N	L853-2	J13-B27	C1111-2															
SRS0_ADC3_EN_N	U835-2	U10-J23	R1192-1															
SRS0_ADC2_P	L830-2	J13-F29	C1013-1															
SRS0_ADC2_N	L829-2	J13-F28	C1013-2															
SRS0_ADC2_EN_N	U823-2	U10-J24	R1116-1															
SRS0_ADC15_P	L810-2	J13-B2	C897-1															
SRS0_ADC15_N	L809-2	J13-B3	C897-2															
SRS0_ADC15_EN_N	U809-2	U10-E22	R1006-1															
SRS0_ADC14_P	L802-2	J13-F5	C812-1															
SRS0_ADC14_N	L801-2	J13-F4	C812-2															
SRS0_ADC14_EN_N	U805-2	U10-F22	R866-1															
SRS0_ADC13_P	L812-2	J13-A6	C898-1															
SRS0_ADC13_N	L811-2	J13-A7	C898-2															
SRS0_ADC13_EN_N	U810-2	U10-E23	R1009-1															
SRS0_ADC12_P	L804-2	J13-E9	C813-1															
SRS0_ADC12_N	L803-2	J13-E8	C813-2															
SRS0_ADC12_EN_N	U806-2	U10-F23	R869-1															
SRS0_ADC11_P	L814-2	J13-B10	C899-1															
SRS0_ADC11_N	L813-2	J13-B11	C899-2															
SRS0_ADC11_EN_N	U811-2	U10-E25	R1012-1															
SRS0_ADC10_P	L806-2	J13-F13	C814-1															
SRS0_ADC10_N	L805-2	J13-F12	C814-2															
SRS0_ADC10_EN_N	U807-2	U10-F25	R872-1															
SRS0_ADC1_P	L856-2	J13-A30	C1112-1															
SRS0_ADC1_N	L855-2	J13-A31	C1112-2															
SRS0_ADC1_EN_N	U836-2	U10-H21	R1195-1															
SRS0_ADC0_P	L832-2	J13-E33	C1014-1															
SRS0_ADC0_N	L831-2	J13-E32	C1014-2															
SRS0_ADC0_EN_N	U824-2	U10-J21	R1119-1															
SRS0_ADC_THRESHOLD_MIN	U10-BB36	J15-A10	D48-2															
SRS0_ADC_THRESHOLD_MAX	U10-BB31	J15-A12	D48-4															
RXLO_SPI_SDO_P	U839-10	J25-2																
RXLO_SPI_SDO_N	U839-11	J25-3																
RXLO_SPI_SDO	U87-19	R498-1	J11-A22															
RXLO_SPI_SCLK_P	U839-6	J25-8																
RXLO_SPI_SCLK_N	U839-5	J25-9																
RXLO_SPI_SCLK	U87-20	R494-1	J11-A21															
RXLO_SPI_CS_N_P	U839-14	J25-5																
RXLO_SPI_CS_N_N	U839-13	J25-6																
RXLO_SPI_CS_N	U87-18	R495-1	J11-A24															
RXLO_SER_EN_N	U87-15	U10-D38																
RXLO_MBUS_TX_P3V3	U838-4	R336-2																
RXLO_MBUS_TX	U87-16	R499-1	J11-A28															
RXLO_MBUS_RX_P3V3	U80-21	R1256-1																
RXLO_MBUS_RX	R301-2	J11-B15																
RXLO_MBUS_P	U838-6	R1257-1	J25-14															
RXLO_MBUS_N	U838-7	R1257-2	J25-15															
RXLO_MBUS_EN_P3V3	U838-3	U838-2	R1260-1	R335-2														
RXLO_MBUS_EN	U87-17	R496-2	J11-A27															
RXLO_DISC_P	U839-2	J25-11																
RXLO_DISC_N	U839-3	J25-12																
RXLO_DISC	U87-21	R497-1	J11-A25															
RUN_P1V8	U75-2	U73-1	R253-1															
RUN_P1V2	U39-1	U37-1	U34-2	R107-1														
PS_VCCINT_RUN	U48-11	U47-1	R169-1															
PS_UART_TX	R1025-2	J39-6	D7-2															
PS_UART_RX	U4-AG18	R804-1	J39-4	D7-1														
PS_RST_N	U10-G21	U4-P16	R1046-2															
PS_PCIE_REFCLK_P_OUT	U4-F23	C77-2																
PS_PCIE_REFCLK_P	U79-16	C77-1																
PS_PCIE_REFCLK_N_OUT	U4-F24	C74-2																
PS_PCIE_REFCLK_N	U79-17	C74-1																
PRS_VX_SE_GPIO_9	U10-F20	J11-A7	D44-2															
PRS_VX_SE_GPIO_8	U10-H18	J11-A6	D44-1															
PRS_VX_SE_GPIO_10	U10-BF17	J11-B6																
PRS_VX_MGTY_TX_7_P	J10-G30	C586-2																
PRS_VX_MGTY_TX_7_N	J10-H30	C587-2																
PRS_VX_MGTY_TX_6_P	J10-E29	C588-2																
PRS_VX_MGTY_TX_6_N	J10-F29	C589-2																
PRS_VX_MGTY_TX_5_P	J10-C30	C590-2																
PRS_VX_MGTY_TX_5_N	J10-D30	C591-2																
PRS_VX_MGTY_TX_4_P	J10-A29	C592-2																
PRS_VX_MGTY_TX_4_N	J10-B29	C593-2																
PRS_VX_MGTY_TX_3_P	J10-A27	C594-2																
PRS_VX_MGTY_TX_3_N	J10-B27	C595-2																
PRS_VX_MGTY_TX_2_P	J10-D28	C596-2																
PRS_VX_MGTY_TX_2_N	J10-C28	C597-2																
PRS_VX_MGTY_TX_1_P	J10-F27	C598-2																
PRS_VX_MGTY_TX_1_N	J10-E27	C599-2																
PRS_VX_MGTY_TX_0_P	J10-H28	C600-2																
PRS_VX_MGTY_TX_0_N	J10-G28	C601-2																
PRS_VX_AXI_TX_2_P	J10-D14	C578-2																
PRS_VX_AXI_TX_2_N	J10-C14	C579-2																
PRS_VX_AXI_TX_1_P	J10-F13	C580-2																
PRS_VX_AXI_TX_1_N	J10-E13	C581-2																
PRS_VX_AXI_TX_0_P	J10-H14	C585-2																
PRS_VX_AXI_TX_0_N	J10-G14	C584-2																
PRS_VX_AXI_RX_2_P	J10-C8	C558-2																
PRS_VX_AXI_RX_2_N	J10-D8	C559-2																
PRS_VX_AXI_RX_1_P	J10-E7	C564-2																
PRS_VX_AXI_RX_1_N	J10-F7	C566-2																
PRS_VX_AXI_RX_0_P	J10-G8	C567-2																
PRS_VX_AXI_RX_0_N	J10-H8	C577-2																
PRS_USB_VBUS	J35-2	J10-H24																
PRS_USB_P	J35-4	J11-D3	D28-1															
PRS_USB_N	J35-6	J11-C3	D28-2															
PRS_UCD_DATA_P1V8	U10-F18	R323-1																
PRS_UCD_DATA	R345-2	J11-G1																
PRS_UCD_CNTRL_P1V8	U86-2	U10-D20																
PRS_UCD_CNTRL	R346-2	J11-E1																
PRS_UCD_CLK_P1V8	U10-F17	R322-1																
PRS_UCD_CLK	R344-2	J11-H1																
PRS_UCD_ALERT_P1V8	U10-D19	R324-1																
PRS_UCD_ALERT	U86-12	J11-F1																
PRS_TXRX_READY	U10-L20	J11-A9	D42-1															
PRS_TX_ENABLE	U10-K20	J11-A10	D42-2															
PRS_SRS2_SE_GPIO_5	J23-H13	J11-H13																
PRS_SRS2_SE_GPIO_4	J23-B9	J11-B9																
PRS_SRS2_SE_GPIO_3	J23-H19	J11-H19																
PRS_SRS2_SE_GPIO_2	J23-H18	J11-H18																
PRS_SRS2_SE_GPIO_1	J23-H16	J11-H16																
PRS_SRS2_SE_GPIO_0	J23-H15	J11-H15																
PRS_SRS2_DAC_TRIG	J23-B10	J11-B10																
PRS_SRS2_ADC_TRIG	J23-B12	J11-B12																
PRS_SRS1_SE_GPIO_8	J19-H12	J11-H12																
PRS_SRS1_SE_GPIO_5	J19-F19	J11-F19																
PRS_SRS1_SE_GPIO_4	J19-F18	J11-F18																
PRS_SRS1_SE_GPIO_3	J19-F16	J11-F16																
PRS_SRS1_SE_GPIO_2	J19-F15	J11-F15																
PRS_SRS1_SE_GPIO_1	J19-F13	J11-F13																
PRS_SRS1_SE_GPIO_0	J19-F12	J11-F12																
PRS_SRS1_DAC_TRIG	J19-H10	J11-H10																
PRS_SRS1_ADC_TRIG	J19-H9	J11-H9																
PRS_SRS0_SE_GPIO_9	J15-F10	J11-F10																
PRS_SRS0_SE_GPIO_6	J15-D21	J11-D21																
PRS_SRS0_SE_GPIO_5	J15-D16	J11-D16																
PRS_SRS0_SE_GPIO_4	J15-D15	J11-D15																
PRS_SRS0_SE_GPIO_3	J15-B22	J11-B22																
PRS_SRS0_SE_GPIO_2	J15-B21	J11-B21																
PRS_SRS0_SE_GPIO_1	J15-B19	J11-B19																
PRS_SRS0_SE_GPIO_0	J15-B18	J11-B18																
PRS_SRS0_DAC_TRIG	J15-F9	J11-F9																
PRS_SRS0_ADC_TRIG	J15-D22	J11-D22																
PRS_SPI1_SRS2_CS_N	J22-G6	J10-G6																
PRS_SPI1_SRS1_CS_N	J18-G5	J10-G5																
PRS_SPI1_SRS0_CS_N	J14-C5	J10-C5																
PRS_SPI1_SCLK	J22-E5	J18-E5	J14-E5	J10-E5														
PRS_SPI1_MOSI	J22-F5	J18-F5	J14-F5	J10-F5														
PRS_SPI1_MISO	J22-E11	J18-E11	J14-E11	J10-E11														
PRS_SPI0_VX_CS_N_P1V8	U10-C18	R354-2																
PRS_SPI0_VX_CS_N	U90-19	R514-1	J10-E12															
PRS_SPI0_SCLK_P1V8_VX	U10-C21	R355-2																
PRS_SPI0_SCLK_P1V8_PS	U4-AB20	R526-2																
PRS_SPI0_SCLK	U90-20	U90-14	R513-1	J10-D12														
PRS_SPI0_PS_CS_N_P1V8	U4-AC21	R353-2																
PRS_SPI0_PS_CS_N	U90-18	R515-1	J10-A14															
PRS_SPI0_MOSI_P1V8	U10-C19	U4-AB18	R356-2															
PRS_SPI0_MOSI	U90-21	R512-1	J10-C12															
PRS_SPI0_MISO_P1V8	U81-16	U10-B21	R1027-2															
PRS_SPI0_MISO	R1247-2	J10-D11																
PRS_RESET_N	U10-G19	J11-A19	D43-5															
PRS_PS_SE_GPIO_3	U4-AH14	J11-B28	D41-5															
PRS_PS_SE_GPIO_2	U4-AG14	J11-B27	D41-4															
PRS_PS_SE_GPIO_1	U4-AE14	J11-B25	D41-2															
PRS_PS_SE_GPIO_0	U4-AE15	J11-B24	D41-1															
PRS_PS_PCIE_TX_0_P_OUT	U4-F27	C70-2																
PRS_PS_PCIE_TX_0_P	J10-H3	C70-1																
PRS_PS_PCIE_TX_0_N_OUT	U4-F28	C60-2																
PRS_PS_PCIE_TX_0_N	J10-G3	C60-1																
PRS_PS_PCIE_RX_0_P_OUT	U4-E25	C73-1																
PRS_PS_PCIE_RX_0_P	J10-G1	C73-2																
PRS_PS_PCIE_RX_0_N_OUT	U4-E26	C71-1																
PRS_PS_PCIE_RX_0_N	J10-H1	C71-2																
PRS_PS_PCIE_RESET_N_P1V8	U4-G16	R306-2																
PRS_PS_PCIE_RESET_N	U80-16	R521-2	J10-A25															
PRS_PS_PCIE_REFCLK_P	U79-7	J11-D7																
PRS_PS_PCIE_REFCLK_N	U79-8	J11-C7																
PRS_PLL_SYNC_P1V8	U67-2	U10-R28																
PRS_PLL_SYNC	R213-2	J11-G5																
PRS_EXT_CLK_P	J11-F6	J11-A4																
PRS_EXT_CLK_N	J11-E6	J11-B4																
PRS_EXT_CLK_IN_P	J11-E4	C322-2																
PRS_EXT_CLK_IN_N	J11-F4	C321-2																
PRS_DAC9_P_OUT	T859-4	R1619-2																
PRS_DAC9_P	J8-B20	C1633-1																
PRS_DAC9_N_OUT	T859-3	R1652-2																
PRS_DAC9_N	J8-B21	C1641-1																
PRS_DAC8_P_OUT	T863-4	R1695-2																
PRS_DAC8_P	J8-F23	C1674-1																
PRS_DAC8_N_OUT	T863-3	R1696-2																
PRS_DAC8_N	J8-F22	C1675-1																
PRS_DAC7_P_OUT	T845-4	R1513-2																
PRS_DAC7_P	J8-A24	C1570-1																
PRS_DAC7_N_OUT	T845-3	R1514-2																
PRS_DAC7_N	J8-A25	C1571-1																
PRS_DAC6_P_OUT	T844-4	R1505-2																
PRS_DAC6_P	J8-E27	C1567-1																
PRS_DAC6_N_OUT	T844-3	R1506-2																
PRS_DAC6_N	J8-E26	C1568-1																
PRS_DAC5_P_OUT	T849-4	R1569-2																
PRS_DAC5_P	J8-B28	C1606-1																
PRS_DAC5_N_OUT	T849-3	R1570-2																
PRS_DAC5_N	J8-B29	C1607-1																
PRS_DAC4_P_OUT	T848-4	R1563-2																
PRS_DAC4_P	J8-F31	C1603-1																
PRS_DAC4_N_OUT	T848-3	R1564-2																
PRS_DAC4_N	J8-F30	C1604-1																
PRS_DAC3_P_OUT	T857-4	R1609-2																
PRS_DAC3_P	J8-A32	C1631-1																
PRS_DAC3_N_OUT	T857-3	R1646-2																
PRS_DAC3_N	J8-A33	C1637-1																
PRS_DAC2_P_OUT	T856-4	R1604-2																
PRS_DAC2_P	J8-E35	C1630-1																
PRS_DAC2_N_OUT	T856-3	R1643-2																
PRS_DAC2_N	J8-E34	C1635-1																
PRS_DAC15_P_OUT	T846-4	R1521-2																
PRS_DAC15_P	J8-A8	C1573-1																
PRS_DAC15_N_OUT	T846-3	R1522-2																
PRS_DAC15_N	J8-A9	C1574-1																
PRS_DAC14_P_OUT	T847-4	R1529-2																
PRS_DAC14_P	J8-E11	C1576-1																
PRS_DAC14_N_OUT	T847-3	R1530-2																
PRS_DAC14_N	J8-E10	C1577-1																
PRS_DAC13_P_OUT	T850-4	R1575-2																
PRS_DAC13_P	J8-B12	C1609-1																
PRS_DAC13_N_OUT	T850-3	R1576-2																
PRS_DAC13_N	J8-B13	C1610-1																
PRS_DAC12_P_OUT	T858-4	R1614-2																
PRS_DAC12_P	J8-F15	C1632-1																
PRS_DAC12_N_OUT	T858-3	R1649-2																
PRS_DAC12_N	J8-F14	C1639-1																
PRS_DAC11_P_OUT	T851-4	R1581-2																
PRS_DAC11_P	J8-A16	C1612-1																
PRS_DAC11_N_OUT	T851-3	R1582-2																
PRS_DAC11_N	J8-A17	C1613-1																
PRS_DAC10_P_OUT	T862-4	R1688-2																
PRS_DAC10_P	J8-E19	C1671-1																
PRS_DAC10_N_OUT	T862-3	R1689-2																
PRS_DAC10_N	J8-E18	C1672-1																
PRS_DAC1_P_OUT	T861-4	R1681-2																
PRS_DAC1_P	J8-B36	C1668-1																
PRS_DAC1_N_OUT	T861-3	R1682-2																
PRS_DAC1_N	J8-B37	C1669-1																
PRS_DAC0_P_OUT	T860-4	R1674-2																
PRS_DAC0_P	J8-F39	C1665-1																
PRS_DAC0_N_OUT	T860-3	R1675-2																
PRS_DAC0_N	J8-F38	C1666-1																
PRS_ADC9_P	L914-2	J9-A14	C1529-1															
PRS_ADC9_N	L913-2	J9-A15	C1529-2															
PRS_ADC9_EN_N	U864-2	U10-G27	R1449-1															
PRS_ADC8_P	L917-2	J9-E17	C1533-1															
PRS_ADC8_N	L915-2	J9-E16	C1533-2															
PRS_ADC8_EN_N	U865-2	U10-G26	R1451-1															
PRS_ADC7_P	L870-2	J9-B18	C1337-1															
PRS_ADC7_N	L868-2	J9-B19	C1337-2															
PRS_ADC7_EN_N	U844-2	U10-H27	R1308-1															
PRS_ADC6_P	L872-2	J9-F21	C1343-1															
PRS_ADC6_N	L871-2	J9-F20	C1343-2															
PRS_ADC6_EN_N	U845-2	U10-H26	R1311-1															
PRS_ADC5_P	L888-2	J9-A22	C1385-1															
PRS_ADC5_N	L885-2	J9-A23	C1385-2															
PRS_ADC5_EN_N	U849-2	U10-G29	R1340-1															
PRS_ADC4_P	L889-2	J9-E25	C1411-1															
PRS_ADC4_N	L886-2	J9-E24	C1411-2															
PRS_ADC4_EN_N	U851-2	U10-H29	R1349-1															
PRS_ADC3_P	L898-2	J9-B26	C1448-1															
PRS_ADC3_N	L893-2	J9-B27	C1448-2															
PRS_ADC3_EN_N	U857-2	U10-H28	R1383-1															
PRS_ADC2_P	L899-2	J9-F29	C1452-1															
PRS_ADC2_N	L894-2	J9-F28	C1452-2															
PRS_ADC2_EN_N	U858-2	U10-J28	R1403-1															
PRS_ADC15_P	L873-2	J9-B2	C1348-1															
PRS_ADC15_N	L869-2	J9-B3	C1348-2															
PRS_ADC15_EN_N	U846-2	U10-E27	R1313-1															
PRS_ADC14_P	L875-2	J9-F5	C1354-1															
PRS_ADC14_N	L874-2	J9-F4	C1354-2															
PRS_ADC14_EN_N	U847-2	U10-F27	R1316-1															
PRS_ADC13_P	L890-2	J9-A6	C1391-1															
PRS_ADC13_N	L887-2	J9-A7	C1391-2															
PRS_ADC13_EN_N	U850-2	U10-D30	R1342-1															
PRS_ADC12_P	L892-2	J9-E9	C1419-1															
PRS_ADC12_N	L891-2	J9-E8	C1419-2															
PRS_ADC12_EN_N	U852-2	U10-D29	R1353-1															
PRS_ADC11_P	L896-2	J9-B10	C1457-1															
PRS_ADC11_N	L895-2	J9-B11	C1457-2															
PRS_ADC11_EN_N	U859-2	U10-F29	R1386-1															
PRS_ADC10_P	L900-2	J9-F13	C1487-1															
PRS_ADC10_N	L897-2	J9-F12	C1487-2															
PRS_ADC10_EN_N	U860-2	U10-F28	R1408-1															
PRS_ADC1_P	L911-2	J9-A30	C1518-1															
PRS_ADC1_N	L910-2	J9-A31	C1518-2															
PRS_ADC1_EN_N	U862-2	U10-J26	R1445-1															
PRS_ADC0_P	L916-2	J9-E33	C1523-1															
PRS_ADC0_N	L912-2	J9-E32	C1523-2															
PRS_ADC0_EN_N	U863-2	U10-J25	R1447-1															
PRS_ADC_THRESHOLD_MIN	U10-G17	J11-A16	D43-2															
PRS_ADC_THRESHOLD_MAX	U10-H19	J11-A18	D43-4															
PRS_ADC_TDD_MODE_EN	U10-K18	J11-B13	D44-4															
P48V_ENABLE_P	U136-2	J24-13																
P48V_ENABLE_N	U136-3	J24-14																
P48V_EN_P3V3	U136-1	R237-2																
P48V_EN_P1V8	U72-21	U10-C29	R523-2															
P3V3_P1V8_MGTV_RUN	U104-2	U84-2	U69-2	U46-1	R204-1													
P2V5_SHDN_N	U129-9	R442-1																
P1V1_SHDN_N	U122-9	R434-1																
MGTYTXP3_233	U10-A9	C558-1																
MGTYTXP2_233	U10-C9	C564-1																
MGTYTXP1_233	U10-D7	C567-1																
MGTYTXN3_233	U10-A8	C559-1																
MGTYTXN2_233	U10-C8	C566-1																
MGTYTXN1_233	U10-D6	C577-1																
MGTYRXP3_233	U10-A5	C578-1																
MGTYRXP3_231	U10-K2	C586-1																
MGTYRXP3_230	U10-P2	C594-1																
MGTYRXP3_227	U10-AF2	C602-1																
MGTYRXP3_226	U10-AK2	C610-1																
MGTYRXP3_131	U10-K43	C385-1																
MGTYRXP3_130	U10-P43	C393-1																
MGTYRXP3_123	U10-AF43	C401-1																
MGTYRXP3_122	U10-AK43	C409-1																
MGTYRXP2_233	U10-C4	C580-1																
MGTYRXP2_231	U10-L4	C588-1																
MGTYRXP2_230	U10-R4	C596-1																
MGTYRXP2_227	U10-AG4	C604-1																
MGTYRXP2_226	U10-AL4	C612-1																
MGTYRXP2_131	U10-L45	C387-1																
MGTYRXP2_130	U10-R45	C395-1																
MGTYRXP2_123	U10-AG45	C403-1																
MGTYRXP2_122	U10-AL45	C411-1																
MGTYRXP1_233	U10-D2	C585-1																
MGTYRXP1_231	U10-M2	C590-1																
MGTYRXP1_230	U10-T2	C598-1																
MGTYRXP1_227	U10-AH2	C606-1																
MGTYRXP1_226	U10-AM2	C614-1																
MGTYRXP1_131	U10-M43	C389-1																
MGTYRXP1_130	U10-T43	C397-1																
MGTYRXP1_123	U10-AH43	C405-1																
MGTYRXP1_122	U10-AM43	C413-1																
MGTYRXP0_231	U10-N4	C592-1																
MGTYRXP0_230	U10-U4	C600-1																
MGTYRXP0_227	U10-AJ4	C608-1																
MGTYRXP0_226	U10-AN4	C616-1																
MGTYRXP0_131	U10-N45	C391-1																
MGTYRXP0_130	U10-U45	C399-1																
MGTYRXP0_123	U10-AJ45	C407-1																
MGTYRXP0_122	U10-AN45	C415-1																
MGTYRXN3_233	U10-A4	C579-1																
MGTYRXN3_231	U10-K1	C587-1																
MGTYRXN3_230	U10-P1	C595-1																
MGTYRXN3_227	U10-AF1	C603-1																
MGTYRXN3_226	U10-AK1	C611-1																
MGTYRXN3_131	U10-K44	C384-1																
MGTYRXN3_130	U10-P44	C392-1																
MGTYRXN3_123	U10-AF44	C400-1																
MGTYRXN3_122	U10-AK44	C408-1																
MGTYRXN2_233	U10-C3	C581-1																
MGTYRXN2_231	U10-L3	C589-1																
MGTYRXN2_230	U10-R3	C597-1																
MGTYRXN2_227	U10-AG3	C605-1																
MGTYRXN2_226	U10-AL3	C613-1																
MGTYRXN2_131	U10-L46	C386-1																
MGTYRXN2_130	U10-R46	C394-1																
MGTYRXN2_123	U10-AG46	C402-1																
MGTYRXN2_122	U10-AL46	C410-1																
MGTYRXN1_233	U10-D1	C584-1																
MGTYRXN1_231	U10-M1	C591-1																
MGTYRXN1_230	U10-T1	C599-1																
MGTYRXN1_227	U10-AH1	C607-1																
MGTYRXN1_226	U10-AM1	C615-1																
MGTYRXN1_131	U10-M44	C388-1																
MGTYRXN1_130	U10-T44	C396-1																
MGTYRXN1_123	U10-AH44	C404-1																
MGTYRXN1_122	U10-AM44	C412-1																
MGTYRXN0_231	U10-N3	C593-1																
MGTYRXN0_230	U10-U3	C601-1																
MGTYRXN0_227	U10-AJ3	C609-1																
MGTYRXN0_226	U10-AN3	C617-1																
MGTYRXN0_131	U10-N46	C390-1																
MGTYRXN0_130	U10-U46	C398-1																
MGTYRXN0_123	U10-AJ46	C406-1																
MGTYRXN0_122	U10-AN46	C414-1																
MGTREFCLK1P_131	U10-T34	C365-1																
MGTREFCLK1P_130	U10-V34	C367-1																
MGTREFCLK1N_131	U10-T35	C366-1																
MGTREFCLK1N_130	U10-V35	C368-1																
MGTREFCLK0P_233	U10-D11	C556-1																
MGTREFCLK0P_231	U10-M11	C582-1																
MGTREFCLK0P_230	U10-T11	C552-1																
MGTREFCLK0P_227	U10-AH11	C619-1																
MGTREFCLK0P_226	U10-AM11	C621-1																
MGTREFCLK0P_123	U10-AE36	C369-1																
MGTREFCLK0P_122	U10-AG36	C371-1																
MGTREFCLK0N_233	U10-D10	C557-1																
MGTREFCLK0N_231	U10-M10	C583-1																
MGTREFCLK0N_230	U10-T10	C553-1																
MGTREFCLK0N_227	U10-AH10	C618-1																
MGTREFCLK0N_226	U10-AM10	C620-1																
MGTREFCLK0N_123	U10-AE37	C370-1																
MGTREFCLK0N_122	U10-AG37	C372-1																
MBUS_TX_P3V3	U132-4	R281-2																
MBUS_TX	U81-20	R516-1	J11-H21															
MBUS_TERM7_P	R415-2	J7-H20																
MBUS_TERM7_N	R415-1	J7-H19																
MBUS_TERM6_P	R373-2	J6-H20																
MBUS_TERM6_N	R373-1	J6-H19																
MBUS_TERM5_P	R159-2	J5-H20																
MBUS_TERM5_N	R159-1	J5-H19																
MBUS_TERM4_P	R11-2	J4-H20																
MBUS_TERM4_N	R11-1	J4-H19																
MBUS_TERM3_P	R33-2	J3-H20																
MBUS_TERM3_N	R33-1	J3-H19																
MBUS_TERM2_P	R87-2	J2-H20																
MBUS_TERM2_N	R87-1	J2-H19																
MBUS_TERM1_P	R225-2	J1-H20																
MBUS_TERM1_N	R225-1	J1-H19																
MBUS_TERM0_P	R487-2	J0-H20																
MBUS_TERM0_N	R487-1	J0-H19																
MBUS_RX_P3V3	U80-18	R480-1																
MBUS_RX	R304-2	J11-H22																
MBUS_P	U132-6	R473-1	J7-B17	J6-B17	J5-B17	J4-B17	J3-B17	J2-B17	J1-B17	J0-B17								
MBUS_N	U132-7	R473-2	J7-B16	J6-B16	J5-B16	J4-B16	J3-B16	J2-B16	J1-B16	J0-B16								
MBUS_EN_P3V3	U132-3	U132-2	R474-1	R280-2														
MBUS_EN	U81-19	R517-1	J11-H24															
MAP_MSTR_RST_N	U116-1	U108-1	U10-F14	R1700-1														
LMK_STATUS_LD2_P3V3	U90-16	R259-1																
LMK_STATUS_LD2_P1V8	U10-D28	R349-2																
LMK_STATUS_LD1_P3V3	U90-17	R260-1																
LMK_STATUS_LD1_P1V8	U10-E28	R350-2																
LMK_SPI_SDIO_OUT	U77-20	R285-2																
LMK_SPI_SDIO	R286-1	J11-F21																
LMK_SPI_SCLK_OUT	U77-19	R288-2																
LMK_SPI_SCLK	U78-3	J11-F22																
LMK_SPI_CS_N_OUT	U77-18	R289-2																
LMK_SPI_CS_N	U78-2	J11-F24																
LMK_RST_P3V3	U77-5	R282-2	R222-2															
LMK_RST_P1V8	U81-21	U10-G22																
LMK_PLL_SYNC_P3V3	U77-6	R234-2																
LMK_PLL_SYNC_P1V8	U72-14	U10-C27																
LED_2_EN	U874-45	Q800-1																
LED_1_EN	U874-46	Q801-1																
LED_0_EN	U874-47	Q802-1																
J22_PRS_SRS2_AXI_TX_0_P	J22-G8	C383-2																
J22_PRS_SRS2_AXI_TX_0_N	J22-H8	C382-2																
J22_PRS_SRS2_AXI_RX_0_P	J22-H14	C380-2																
J22_PRS_SRS2_AXI_RX_0_N	J22-G14	C381-2																
J18_PRS_SRS1_AXI_TX_0_P	J18-G8	C101-2																
J18_PRS_SRS1_AXI_TX_0_N	J18-H8	C104-2																
J18_PRS_SRS1_AXI_RX_0_P	J18-H14	C118-2																
J18_PRS_SRS1_AXI_RX_0_N	J18-G14	C122-2																
J14_PRS_SRS0_AXI_TX_0_P	J14-G8	C499-2																
J14_PRS_SRS0_AXI_TX_0_N	J14-H8	C500-2																
J14_PRS_SRS0_AXI_RX_0_P	J14-H14	C522-2																
J14_PRS_SRS0_AXI_RX_0_N	J14-G14	C521-2																
J10_PRS_SRS2_AXI_TX_0_P	J10-E15	C383-1																
J10_PRS_SRS2_AXI_TX_0_N	J10-F15	C382-1																
J10_PRS_SRS2_AXI_RX_0_P	J10-F9	C380-1																
J10_PRS_SRS2_AXI_RX_0_N	J10-E9	C381-1																
J10_PRS_SRS1_AXI_TX_0_P	J10-C16	C101-1																
J10_PRS_SRS1_AXI_TX_0_N	J10-D16	C104-1																
J10_PRS_SRS1_AXI_RX_0_P	J10-D10	C118-1																
J10_PRS_SRS1_AXI_RX_0_N	J10-C10	C122-1																
J10_PRS_SRS0_AXI_TX_0_P	J10-A15	C499-1																
J10_PRS_SRS0_AXI_TX_0_N	J10-B15	C500-1																
J10_PRS_SRS0_AXI_RX_0_P	J10-B9	C522-1																
J10_PRS_SRS0_AXI_RX_0_N	J10-A9	C521-1																
INS_TX_P	U875-6	R1723-2	J24-62															
INS_TX_N	U875-7	R1723-1	J24-63															
INS_TX	R1721-2	R803-2	J10-C25															
INS_RX_P	U876-6	J24-65																
INS_RX_N	U876-7	J24-66																
INS_RX	U876-4	U801-4	R522-1	J10-D25														
GTY_REFCLK_231_P	C582-2	C347-2																
GTY_REFCLK_231_N	C583-2	C348-2																
GTY_REFCLK_230_P	C552-2	C337-2																
GTY_REFCLK_230_N	C553-2	C338-2																
GTY_REFCLK_227_P	C619-2	C345-2																
GTY_REFCLK_227_N	C618-2	C346-2																
GTY_REFCLK_226_P	C621-2	C339-2																
GTY_REFCLK_226_N	C620-2	C340-2																
GTY_REFCLK_131_P	C365-2	C297-2																
GTY_REFCLK_131_N	C366-2	C299-2																
GTY_REFCLK_130_P	C367-2	C300-2																
GTY_REFCLK_130_N	C368-2	C301-2																
GTY_REFCLK_123_P	C369-2	C319-2																
GTY_REFCLK_123_N	C370-2	C320-2																
GTY_REFCLK_122_P	C371-2	C326-2																
GTY_REFCLK_122_N	C372-2	C327-2																
GE1_SGMII_SO_P_OUT	U874-15	C1707-1																
GE1_SGMII_SO_P	J10-E1	C1707-2																
GE1_SGMII_SO_N_OUT	U874-14	C1708-1																
GE1_SGMII_SO_N	J10-F1	C1708-2																
GE1_SGMII_SI_P_OUT	U874-16	C1706-1																
GE1_SGMII_SI_P	J10-F3	C1706-2																
GE1_SGMII_SI_N_OUT	U874-17	C1705-1																
GE1_SGMII_SI_N	J10-E3	C1705-2																
GE1_MDIO_P1V8	U874-41	U78-5	R1713-1															
GE1_MDIO	R1246-2	J10-D6																
GE1_MDI3_P	T1-14	J24-59																
GE1_MDI3_N	T1-13	J24-60																
GE1_MDI2_P	T1-17	J24-56																
GE1_MDI2_N	T1-16	J24-57																
GE1_MDI1_P	T1-20	J24-53																
GE1_MDI1_N	T1-19	J24-54																
GE1_MDI0_P	T1-23	J24-50																
GE1_MDI0_N	T1-22	J24-51																
GE1_MDC_P1V8	U874-42	R307-2																
GE1_MDC	U80-15	R520-2	J10-D5															
GE0_MDI3_P	J24-10	J10-G18																
GE0_MDI3_N	J24-11	J10-H18																
GE0_MDI2_P	J24-7	J10-E17																
GE0_MDI2_N	J24-8	J10-F17																
GE0_MDI1_P	J24-4	J10-C18																
GE0_MDI1_N	J24-5	J10-D18																
GE0_MDI0_P	J24-1	J10-A17																
GE0_MDI0_N	J24-2	J10-B17																
GE0_LED2_C	J10-E23	DS5-K																
GE0_LED0_C	J10-F23	DS4-K																
FAN2_PS_P1V8	U30-14	U10-K26	R527-1															
FAN2_PS	R532-2	J24-6																
FAN1_PS_P1V8	U30-2	U10-K25	R341-1															
FAN1_PS	R531-2	J24-58																
FAN0_PS_P1V8	U30-1	U10-A27	R340-1															
FAN0_PS	R530-2	J24-55																
FAN_ENABLE_P	U136-6	J24-18																
FAN_ENABLE_N	U136-5	J24-34																
FAN_EN_P3V3	U136-7	R236-2																
FAN_EN_P1V8	U72-20	U10-C28	R524-2															
EXT_FAN_ENABLE_P	U136-14	J24-40																
EXT_FAN_ENABLE_N	U136-13	J24-41																
EXT_FAN_EN_P3V3	U136-15	R535-2																
EXT_FAN_EN_P1V8	U72-18	U10-A28	R534-2															
DIR_AB_P1V8	U91-21	U91-20	U91-19	U91-18	U91-17	U91-16	U91-15	U91-14	U10-M14									
DIR_AB_7_P3V3	U109-2	R1736-2	R293-1															
DIR_AB_6_P3V3	U134-2	R1735-2	R294-1															
DIR_AB_5_P3V3	U70-2	R1734-2	R295-1															
DIR_AB_4_P3V3	U138-2	R1733-2	R296-1															
DIR_AB_3_P3V3	U26-2	R1732-2	R297-1															
DIR_AB_2_P3V3	U41-2	R1731-2	R298-1															
DIR_AB_1_P3V3	U71-2	R1730-2	R299-1															
DIR_AB_0_P3V3	U126-2	R1729-2	R300-1															
DEBUG_VX_1	U10-D23	J73-4	D15-5															
DEBUG_VX_0	U10-D24	J73-2	D15-4															
DEBUG_SRS2_1	J73-11	J23-A28	D13-1															
DEBUG_SRS2_0	J73-9	J23-A27	D13-2															
DEBUG_SRS1_1	J73-7	J19-A28	D13-4															
DEBUG_SRS1_0	J73-5	J19-A27	D13-5															
DEBUG_SRS0_1	J73-12	J15-A28	D17-5															
DEBUG_SRS0_0	J73-10	J15-A27	D17-4															
DEBUG_PS_1	U4-AH13	J73-3	D15-1															
DEBUG_PS_0	U4-AG13	J73-1	D15-2															
DEBUG_PRS_1	J73-8	J11-D10	D17-2															
DEBUG_PRS_0	J73-6	J11-D9	D17-1															
CLK_OUT9_P	U77-49	C297-1																
CLK_OUT9_N	U77-50	C299-1																
CLK_OUT8_P	U77-51	C300-1																
CLK_OUT8_N	U77-52	C301-1																
CLK_OUT7_P	U77-29	C302-1																
CLK_OUT7_N	U77-30	C298-1																
CLK_OUT6_P	U77-27	C304-1																
CLK_OUT6_N	U77-28	C303-1																
CLK_OUT5_P	U77-22	C322-1																
CLK_OUT5_N	U77-23	C321-1																
CLK_OUT4_P	U77-24	C311-1																
CLK_OUT4_N	U77-25	C310-1																
CLK_OUT3_P	U77-13	C345-1																
CLK_OUT3_N	U77-14	C346-1																
CLK_OUT2_P	U77-15	C347-1																
CLK_OUT2_N	U77-16	C348-1																
CLK_OUT13_P	U77-60	C326-1																
CLK_OUT13_N	U77-61	C327-1																
CLK_OUT12_P	U77-62	C328-1																
CLK_OUT12_N	U77-63	C333-1																
CLK_OUT11_P	U77-56	C319-1																
CLK_OUT11_N	U77-57	C320-1																
CLK_OUT10_P	U77-54	C308-1																
CLK_OUT10_N	U77-55	C309-1																
CLK_OUT1_P	U77-3	C339-1																
CLK_OUT1_N	U77-4	C340-1																
CLK_OUT0_P	U77-1	C337-1																
CLK_OUT0_N	U77-2	C338-1																
CBUS_TX_P3V3	U135-4	R279-2																
CBUS_TX	U81-18	R518-1	J11-H25															
CBUS_TERM7_P	R446-2	J7-H17																
CBUS_TERM7_N	R446-1	J7-H16																
CBUS_TERM6_P	R374-2	J6-H17																
CBUS_TERM6_N	R374-1	J6-H16																
CBUS_TERM5_P	R160-2	J5-H17																
CBUS_TERM5_N	R160-1	J5-H16																
CBUS_TERM4_P	R10-2	J4-H17																
CBUS_TERM4_N	R10-1	J4-H16																
CBUS_TERM3_P	R18-2	J3-H17																
CBUS_TERM3_N	R18-1	J3-H16																
CBUS_TERM2_P	R85-2	J2-H17																
CBUS_TERM2_N	R85-1	J2-H16																
CBUS_TERM1_P	R224-2	J1-H17																
CBUS_TERM1_N	R224-1	J1-H16																
CBUS_TERM0_P	R491-2	J0-H17																
CBUS_TERM0_N	R491-1	J0-H16																
CBUS_RX_P3V3	U80-17	R492-1																
CBUS_RX	R305-2	J11-H27																
CBUS_P	U135-6	R488-1	J7-B14	J6-B14	J5-B14	J4-B14	J3-B14	J2-B14	J1-B14	J0-B14								
CBUS_N	U135-7	R488-2	J7-B13	J6-B13	J5-B13	J4-B13	J3-B13	J2-B13	J1-B13	J0-B13								
CBUS_EN_P3V3	U135-3	U135-2	R493-1	R278-2														
CBUS_EN	U81-17	R519-1	J11-H28															
CAL_SPI_SDO_P	U36-10	J27-1																
CAL_SPI_SDO_N	U36-11	J27-2																
CAL_SPI_SDO	U42-19	R504-1	J11-D28															
CAL_SPI_SCLK_P	U36-6	J27-7																
CAL_SPI_SCLK_N	U36-5	J27-8																
CAL_SPI_SCLK	U42-20	R500-1	J11-D27															
CAL_SPI_CS_N_P	U36-14	J27-4																
CAL_SPI_CS_N_N	U36-13	J27-5																
CAL_SPI_CS_N	U42-18	R501-1	J11-F25															
CAL_SER_EN_N	U42-15	U10-C38																
CAL_MBUS_TX_P3V3	U38-4	R131-2																
CAL_MBUS_TX	U42-16	R505-1	J11-H6															
CAL_MBUS_RX_P3V3	U80-19	R119-1																
CAL_MBUS_RX	R303-2	J11-H7																
CAL_MBUS_P	U38-6	R129-1	J27-13															
CAL_MBUS_N	U38-7	R129-2	J27-14															
CAL_MBUS_EN_P3V3	U38-3	U38-2	R1236-1	R132-2														
CAL_MBUS_EN	U42-17	R502-2	J11-F28															
CAL_DISC_P	U36-2	J27-10																
CAL_DISC_N	U36-3	J27-11																
CAL_DISC	U42-21	R503-1	J11-F27															
AXI_REFCLK_233_P	C556-2	C328-2																
AXI_REFCLK_233_N	C557-2	C333-2																
AXI_C2C_RESET_N	U10-F19	J11-A13	D42-5															
AXI_C2C_INIT	U10-H17	J11-A15	D43-1															
AC2C_STAT	U10-G20	J11-A12	D42-4															
<img width="1341" height="31261" alt="image" src="https://github.com/user-attachments/assets/359a285b-53d4-4944-82af-beec7a90ca4e" />
